INSERT INTO brand (name, type_vehicle, tank_capacity, load_capacity, passenger_capacity, engine_power) VALUES
('Scania', 'BUS', 105, 500, 35, 200),
('Man', 'TRUCK', 155, 500, 3, 220),
('Lada', 'PASSENGER_CAR', 85, 300, 5, 100);

INSERT INTO driver (id, name, salary, enterprise_id, is_active, active_vehicle_id) VALUES
(3, 'Сидоров Д. Д.', 445367, 1, FALSE, NULL),
(4, 'Иванов М. И.', 165331, 1, FALSE, NULL),
(5, 'Смирнов А. П.', 221495, 1, FALSE, NULL),
(8, 'Петров А. Д.', 447853, 2, FALSE, NULL),
(9, 'Сидоров П. М.', 63023, 2, FALSE, NULL),
(10, 'Иванов А. М.', 170221, 2, FALSE, NULL),
(13, 'Смирнов М. Д.', 369801, 3, FALSE, NULL),
(14, 'Иванов М. И.', 54025, 3, FALSE, NULL),
(15, 'Иванов А. А.', 55607, 3, FALSE, NULL),
(1, 'Кузнецов Д. Д.', 235519, 1, TRUE, 1),
(2, 'Смирнов А. А.', 290520, 1, TRUE, 11),
(6, 'Петров М. М.', 224654, 2, TRUE, 26),
(7, 'Петров П. И.', 233990, 2, TRUE, 36),
(11, 'Смирнов М. Д.', 121675, 3, TRUE, 51),
(12, 'Кузнецов А. П.', 296251, 3, TRUE, 61);

INSERT INTO enterprise (id, name, city, phone, timezone) VALUES
(3, 'С ветерком', 'Углич', '7321', '+00:00'),
(2, 'Прокат ТС', 'Суздаль', '4848', '-04:00'),
(1, 'Машина мечты', 'Иваново', '3513', '-06:00');

INSERT INTO enterprise_manager (enterprise_id, manager_id) VALUES
(1, 1),
(2, 1),
(2, 2),
(3, 2);

INSERT INTO manager (id, username, password, timezone) VALUES
(1, 'manager1', '$2a$10$YFVdDAgSEPcY7kUzI0N8d.kUFvmF4gOfEOmX0ZlzMsIVozqmO0wMO', '-02:00'),
(2, 'manager2', '$2a$10$ivCWUYla7sdak/BeFj/yLOOlln4VIjrZd9wb.jta3nYh84uKJf2X.', '+02:00');

INSERT INTO person (id, username, password, role, timezone) VALUES
(3, 'user', '$2a$10$aUasnkQNFtrv/80J5vR7qufJVGwDgS1FOjIEwMJLwM06fhArWqjDS', 'ROLE_USER', NULL),
(1, 'manager1', '$2a$10$YFVdDAgSEPcY7kUzI0N8d.kUFvmF4gOfEOmX0ZlzMsIVozqmO0wMO', 'ROLE_MANAGER1', '-02:00'),
(2, 'manager2', '$2a$10$ivCWUYla7sdak/BeFj/yLOOlln4VIjrZd9wb.jta3nYh84uKJf2X.', 'ROLE_MANAGER2', '+02:00'),
(4, 'user', '$2a$10$Mnma9keI14FhhF3Sl23sH.MQJIfYk6s00mitshLjkvEV51BDCmK/G', 'ROLE_USER', NULL),
(5, 'qwer', '$2a$10$4om1ZrcMMxANGi4nzICJC.ywzUEuEh9XpQcVYWxXtq1.HJnSPfpUi', 'ROLE_USER', '+01:00');


INSERT INTO trip (id, vehicle_id, time_start, time_end, distance) VALUES
(1, 6, '2021-07-23 06:08:30', '2021-07-23 08:10:30', 6265.5),
(2, 34, '2021-10-21 05:50:01', '2021-10-21 06:54:01', 4056.9),
(3, 57, '2022-05-05 22:50:40', '2022-05-06 00:31:40', 6215.9),
(4, 37, '2022-08-13 15:03:05', '2022-08-13 15:25:05', 857.4),
(5, 47, '2021-10-02 23:17:46', '2021-10-02 23:42:46', 1889.6),
(6, 73, '2022-02-14 13:20:16', '2022-02-14 14:10:16', 2628.6),
(7, 33, '2020-08-26 18:23:34', '2020-08-26 19:52:34', 6491.1),
(8, 45, '2022-06-09 09:10:27', '2022-06-09 09:48:27', 2048.5),
(9, 38, '2021-06-17 20:36:48', '2021-06-17 21:44:48', 3167.1),
(10, 10, '2021-12-31 12:38:28', '2021-12-31 14:07:28', 6045),
(11, 35, '2021-03-28 2:16:41', '2021-03-28 3:28:41', 1266541),
(12, 23, '2022-06-15 2:50:10', '2022-06-15 3:29:10', 44682),
(13, 35, '2020-07-27 10:42:54', '2020-07-27 11:37:54', 504037),
(14, 22, '2024-03-15 1:51:31', '2024-03-15 2:31:31', 3032),
(15, 55, '2024-01-25 3:45:28', '2024-01-25 4:26:28', 241852),
(16, 62, '2022-01-10 16:02:26', '2022-01-10 17:05:26', 502820),
(17, 54, '2022-05-06 10:38:20', '2022-05-06 12:19:20', 1531920),
(18, 25, '2022-06-26 5:02:50', '2022-06-26 6:04:50', 987038),
(19, 48, '2023-03-19 5:39:45', '2023-03-19 7:13:45', 1161533),
(20, 22, '2022-12-18 3:00:57', '2022-12-18 4:45:57', 1865415),
(21, 50, '2021-05-17 9:45:04', '2021-05-17 11:23:04', 1274880),
(22, 42, '2021-09-19 15:39:50', '2021-09-19 16:43:50', 3124),
(23, 48, '2022-02-16 23:37:29', '2022-02-17 0:46:29', 3927),
(24, 37, '2022-07-12 4:08:07', '2022-07-12 5:50:07', 1568201),
(25, 16, '2020-08-04 3:09:38', '2020-08-04 4:15:38', 1008437),
(26, 52, '2021-04-27 20:44:44', '2021-04-27 21:13:44', -95936),
(27, 17, '2024-03-25 18:04:27', '2024-03-25 18:32:27', 37622),
(28, 18, '2021-05-05 16:33:38', '2021-05-05 16:55:38', -207365),
(29, 60, '2023-03-10 2:35:02', '2023-03-10 4:24:02', 1625727),
(30, 73, '2023-08-30 14:06:29', '2023-08-30 14:22:29', -312221),
(31, 24, '2021-04-29 5:15:03', '2021-04-29 6:21:03', 730883),
(32, 4, '2022-04-26 15:57:09', '2022-04-26 18:13:09', 2060731),
(33, 45, '2023-07-15 1:18:02', '2023-07-15 1:47:02', -94049),
(34, 26, '2022-07-09 20:15:27', '2022-07-09 20:37:27', 889.3),
(35, 35, '2021-08-16 13:43:14', '2021-08-16 16:05:14', 2202838),
(36, 63, '2022-07-05 10:03:09', '2022-07-05 11:36:09', 1072779),
(37, 18, '2023-03-16 20:14:14', '2023-03-16 21:28:14', 3423),
(38, 41, '2022-10-16 3:55:09', '2022-10-16 4:28:09', 470220),
(39, 18, '2022-05-01 6:20:24', '2022-05-01 7:02:24', 292408),
(40, 28, '2020-07-17 12:58:36', '2020-07-17 13:42:36', 123939),
(41, 54, '2021-01-07 19:39:49', '2021-01-07 20:25:49', 241244),
(42, 67, '2020-08-02 7:28:52', '2020-08-02 7:53:52', 966.4),
(43, 48, '2021-11-13 9:28:01', '2021-11-13 10:26:01', 540227),
(44, 57, '2023-04-15 4:38:50', '2023-04-15 6:31:50', 1725254),
(45, 60, '2020-10-24 18:06:35', '2020-10-24 18:43:35', 3021),
(46, 46, '2022-05-19 19:04:06', '2022-05-19 19:26:06', 1965),
(47, 19, '2020-09-04 3:32:09', '2020-09-04 4:35:09', 471316),
(48, 42, '2021-04-24 2:33:36', '2021-04-24 3:16:36', 360132),
(49, 64, '2022-11-29 17:47:42', '2022-11-29 18:17:42', -97152),
(50, 69, '2023-06-06 22:51:50', '2023-06-06 23:47:50', 839726),
(51, 25, '2022-11-13 22:40:06', '2022-11-13 23:26:06', 3267),
(52, 67, '2023-04-03 7:01:08', '2023-04-03 8:33:08', 1113686),
(53, 10, '2024-02-24 10:18:39', '2024-02-24 11:23:39', 927473),
(54, 45, '2021-06-07 15:23:11', '2021-06-07 15:55:11', 115234),
(55, 23, '2021-03-08 21:40:21', '2021-03-08 22:03:21', -165940),
(56, 9, '2020-06-16 4:11:21', '2020-06-16 4:39:21', 1601),
(57, 35, '2024-03-11 4:20:13', '2024-03-11 5:00:13', 168987),
(58, 75, '2023-02-14 18:42:05', '2023-02-14 20:01:05', 1045538),
(59, 48, '2021-03-04 4:27:40', '2021-03-04 5:36:40', 4070),
(60, 50, '2020-06-25 6:15:35', '2020-06-25 7:40:35', 1081151),
(61, 27, '2021-08-23 7:41:06', '2021-08-23 9:15:06', 1541691),
(62, 10, '2024-04-25 12:09:58', '2024-04-25 13:18:58', 692196),
(63, 40, '2020-12-15 21:16:19', '2020-12-15 23:36:19', 1734386),
(64, 9, '2021-07-28 8:16:14', '2021-07-28 8:52:14', 119191),
(65, 60, '2021-10-30 8:53:57', '2021-10-30 9:29:57', 341290),
(66, 2, '2021-11-25 23:41:41', '2021-11-26 0:00:41', -177294),
(67, 12, '2023-10-28 8:43:31', '2023-10-28 9:17:31', 299166),
(68, 7, '2021-08-10 2:53:03', '2021-08-10 4:17:03', 1037687),
(69, 73, '2021-02-02 20:06:36', '2021-02-02 21:19:36', 801496),
(70, 66, '2020-06-15 18:55:39', '2020-06-15 19:05:39', 865.9),
(71, 48, '2021-01-14 3:59:19', '2021-01-14 5:36:19', 1668551),
(72, 50, '2023-01-05 22:16:01', '2023-01-05 22:55:01', 382531),
(73, 66, '2022-04-05 2:21:26', '2022-04-05 3:20:26', 602499),
(74, 2, '2022-06-13 6:12:01', '2022-06-13 7:04:01', 480905),
(75, 1, '2021-11-06 21:52:41', '2021-11-06 22:46:41', 618417),
(76, 43, '2020-06-29 19:15:48', '2020-06-29 19:50:48', 2027),
(77, 14, '2020-09-02 21:53:16', '2020-09-02 22:49:16', 369505),
(78, 50, '2020-12-22 13:09:52', '2020-12-22 15:08:52', 1292077),
(79, 66, '2020-08-14 6:26:27', '2020-08-14 8:08:27', 1412211),
(80, 72, '2020-10-28 0:57:46', '2020-10-28 1:19:46', 78376),
(81, 48, '2021-12-30 20:57:22', '2021-12-30 21:27:22', -134895),
(82, 52, '2021-02-13 11:01:53', '2021-02-13 12:15:53', 901541),
(83, 11, '2020-05-17 21:38:56', '2020-05-17 22:42:56', 700172),
(84, 42, '2023-12-27 22:42:39', '2023-12-27 23:00:39', 810291),
(85, 70, '2021-08-14 3:56:56', '2021-08-14 6:05:56', 2267152),
(86, 7, '2022-11-22 17:41:08', '2022-11-22 17:56:08', -161680),
(87, 28, '2023-05-01 22:50:35', '2023-05-01 23:28:35', 401828),
(88, 2, '2021-04-09 15:26:34', '2021-04-09 15:28:34', -218354),
(89, 21, '2022-03-27 3:45:42', '2022-03-27 4:12:42', -272014),
(90, 8, '2022-06-07 0:33:55', '2022-06-07 1:50:55', 3967),
(91, 1, '2024-02-26 13:36:06', '2024-02-26 14:06:06', -41635),
(92, 6, '2022-02-09 7:52:23', '2022-02-09 8:18:23', -251984),
(93, 47, '2023-06-26 12:37:13', '2023-06-26 13:58:13', 1160103),
(94, 43, '2022-09-24 9:28:29', '2022-09-24 10:56:29', 1138583),
(95, 11, '2022-01-16 19:45:38', '2022-01-16 20:46:38', 3402),
(96, 48, '2022-02-08 16:14:52', '2022-02-08 17:21:52', 844197),
(97, 17, '2021-10-09 5:31:58', '2021-10-09 6:41:58', 1100933),
(98, 10, '2020-11-15 14:10:28', '2020-11-15 15:52:28', 1359586),
(99, 10, '2023-07-22 10:29:47', '2023-07-22 12:28:47', 1419486),
(100, 53, '2022-05-06 18:51:21', '2022-05-06 19:53:21', 532312),
(101, 42, '2022-01-05 18:19:48', '2022-01-05 20:20:48', 1854004),
(102, 18, '2022-04-11 23:12:09', '2022-04-12 0:09:09', 570297),
(103, 4, '2020-12-18 18:25:29', '2020-12-18 19:30:29', 1094269),
(104, 57, '2020-07-04 7:42:02', '2020-07-04 8:16:02', -233236),
(105, 16, '2021-03-14 5:47:51', '2021-03-14 7:17:51', 1132739),
(106, 5, '2020-05-26 22:05:45', '2020-05-26 23:32:45', 994557),
(107, 10, '2021-08-08 13:51:30', '2021-08-08 15:06:30', 4375),
(108, 33, '2022-05-25 6:28:04', '2022-05-25 6:49:04', -312099),
(109, 62, '2022-08-09 11:57:25', '2022-08-09 14:12:25', 1964520),
(110, 34, '2023-01-19 1:20:37', '2023-01-19 1:55:37', -190988),
(111, 10, '2020-05-14 18:35:11', '2020-05-14 19:28:11', 455214),
(112, 57, '2023-11-17 6:24:44', '2023-11-17 8:07:44', 1785854),
(113, 47, '2021-01-06 23:48:36', '2021-01-07 1:33:36', 1363512),
(114, 25, '2021-03-14 23:14:43', '2021-03-14 23:31:43', -220179),
(115, 63, '2023-04-01 7:49:09', '2023-04-01 9:31:09', 6308),
(116, 29, '2020-07-18 7:03:38', '2020-07-18 8:12:38', 677343),
(117, 39, '2021-09-07 13:36:59', '2021-09-07 13:57:59', -258073),
(118, 8, '2022-10-14 15:42:36', '2022-10-14 17:18:36', 1215985),
(119, 27, '2024-01-25 1:52:59', '2024-01-25 3:58:59', 1630930),
(120, 1, '2022-12-15 19:42:07', '2022-12-15 21:42:07', 1423169),
(121, 74, '2020-05-09 14:27:23', '2020-05-09 16:51:23', 6887),
(122, 66, '2020-12-13 19:57:44', '2020-12-13 20:19:44', -149351),
(123, 25, '2022-05-26 11:21:35', '2022-05-26 12:42:35', 1505775),
(124, 1, '2020-09-13 4:59:53', '2020-09-13 5:12:53', 686.9),
(125, 48, '2021-05-05 6:39:59', '2021-05-05 7:37:59', 955689),
(126, 20, '2024-03-13 16:44:49', '2024-03-13 17:44:49', 524915),
(127, 17, '2022-08-18 19:07:33', '2022-08-18 20:18:33', 609104),
(128, 46, '2024-02-13 5:35:20', '2024-02-13 6:58:20', 1293142),
(129, 40, '2022-11-29 10:09:46', '2022-11-29 11:33:46', 1022559),
(130, 32, '2020-10-11 19:38:46', '2020-10-11 20:44:46', 564392),
(131, 18, '2020-06-24 11:51:23', '2020-06-24 12:17:23', 116665),
(132, 60, '2022-12-13 3:33:35', '2022-12-13 5:01:35', 788742),
(133, 6, '2020-07-12 21:19:17', '2020-07-12 22:49:17', 1422377),
(134, 31, '2022-07-18 19:17:46', '2022-07-18 20:05:46', 581893),
(135, 32, '2023-05-15 6:04:59', '2023-05-15 7:29:59', 1268733),
(136, 62, '2021-01-01 11:35:20', '2021-01-01 12:07:20', 1493),
(137, 56, '2023-02-14 13:35:20', '2023-02-14 14:41:20', 576536),
(138, 19, '2021-09-17 19:34:11', '2021-09-17 20:52:11', 960649),
(139, 50, '2023-07-11 10:47:00', '2023-07-11 11:30:00', -193545),
(140, 38, '2020-08-08 13:53:45', '2020-08-08 15:14:45', 628432),
(141, 9, '2023-07-31 19:51:27', '2023-07-31 20:30:27', 226696),
(142, 5, '2024-04-09 10:05:23', '2024-04-09 10:50:23', 399943),
(143, 40, '2022-01-09 10:49:16', '2022-01-09 13:30:16', 2442804),
(144, 38, '2022-09-23 17:46:32', '2022-09-23 18:52:32', 1095031),
(145, 3, '2022-03-29 23:57:40', '2022-03-30 0:41:40', 616013),
(146, 66, '2022-07-07 21:08:08', '2022-07-07 21:44:08', 314507),
(147, 40, '2020-10-22 13:35:50', '2020-10-22 14:03:50', 366126),
(148, 55, '2020-08-20 4:31:20', '2020-08-20 6:22:20', 1621525),
(149, 3, '2021-09-16 16:07:54', '2021-09-16 16:23:54', 827.6),
(150, 28, '2020-07-21 23:16:06', '2020-07-22 0:31:06', 874848),
(151, 8, '2020-12-30 23:51:19', '2020-12-31 0:09:19', -299011),
(152, 3, '2023-08-20 15:12:06', '2023-08-20 15:49:06', 217473),
(153, 66, '2022-07-10 16:19:54', '2022-07-10 17:19:54', 335780),
(154, 50, '2023-12-08 6:50:20', '2023-12-08 8:39:20', 1336179),
(155, 43, '2021-06-03 22:01:43', '2021-06-03 22:59:43', 700596),
(156, 20, '2022-10-10 13:05:47', '2022-10-10 13:41:47', -3650),
(157, 6, '2022-05-25 11:09:54', '2022-05-25 12:49:54', 1496825),
(158, 68, '2022-11-19 7:32:05', '2022-11-19 8:14:05', 461789),
(159, 19, '2023-09-05 13:55:00', '2023-09-05 15:14:00', 4036),
(160, 9, '2022-05-09 8:19:24', '2022-05-09 8:59:24', 2615),
(161, 5, '2021-04-08 6:45:35', '2021-04-08 9:15:35', 1866876),
(162, 39, '2022-01-17 16:37:16', '2022-01-17 18:31:16', 7576),
(163, 14, '2022-06-17 14:27:40', '2022-06-17 15:01:40', -87412),
(164, 48, '2022-01-04 2:42:54', '2022-01-04 3:09:54', -262183),
(165, 67, '2022-10-05 23:32:57', '2022-10-06 0:35:57', 705163),
(166, 49, '2021-12-16 1:23:11', '2021-12-16 3:08:11', 1300020),
(167, 47, '2022-06-10 2:00:47', '2022-06-10 3:09:47', 1261366),
(168, 13, '2023-12-11 0:38:20', '2023-12-11 1:28:20', 268880),
(169, 25, '2022-09-19 4:20:10', '2022-09-19 4:31:10', -174706),
(170, 51, '2020-06-09 23:40:38', '2020-06-10 0:04:38', 144089),
(171, 34, '2023-10-05 10:26:05', '2023-10-05 11:48:05', 1212332),
(172, 2, '2023-11-05 2:35:33', '2023-11-05 3:29:33', 577510),
(173, 41, '2022-08-01 23:46:53', '2022-08-02 1:11:53', 951671),
(174, 64, '2024-02-19 3:45:01', '2024-02-19 5:07:01', 1345310),
(175, 22, '2022-02-04 10:46:09', '2022-02-04 11:32:09', 508998),
(176, 68, '2022-04-09 11:50:28', '2022-04-09 12:40:28', 292592),
(177, 40, '2022-08-20 3:16:12', '2022-08-20 4:46:12', 1630322),
(178, 45, '2022-12-25 5:10:51', '2022-12-25 6:53:51', 1565828),
(179, 56, '2022-06-14 21:04:48', '2022-06-14 21:43:48', 61363),
(180, 40, '2021-08-10 3:30:22', '2021-08-10 5:06:22', 1290828),
(181, 17, '2020-11-29 23:04:17', '2020-11-30 0:14:17', 627974),
(182, 52, '2024-01-25 6:39:33', '2024-01-25 7:18:33', 62245),
(183, 42, '2022-01-24 21:07:54', '2022-01-24 22:08:54', 722483),
(184, 13, '2023-05-22 13:41:59', '2023-05-22 14:56:59', 396107),
(185, 22, '2023-12-14 18:22:37', '2023-12-14 19:24:37', 865658),
(186, 5, '2021-06-02 3:52:32', '2021-06-02 5:37:32', 1642953),
(187, 32, '2021-12-03 16:21:57', '2021-12-03 17:14:57', 656099),
(188, 67, '2020-06-08 23:38:35', '2020-06-09 0:53:35', 768319),
(189, 44, '2023-01-04 22:09:12', '2023-01-04 22:46:12', 312009),
(190, 59, '2023-12-13 14:50:51', '2023-12-13 15:40:51', 378879),
(191, 72, '2021-11-05 21:24:35', '2021-11-05 23:40:35', 2328089),
(192, 60, '2023-07-22 1:11:57', '2023-07-22 2:35:57', 707842),
(193, 33, '2021-11-08 4:39:41', '2021-11-08 5:13:41', 356295),
(194, 65, '2023-03-05 10:19:31', '2023-03-05 10:49:31', 68028),
(195, 46, '2022-10-09 8:30:25', '2022-10-09 9:24:25', 94082),
(196, 70, '2022-10-27 15:56:26', '2022-10-27 19:11:26', 12910.8),
(197, 15, '2022-12-05 6:08:52', '2022-12-05 6:52:52', 360983),
(198, 37, '2023-08-07 17:19:00', '2023-08-07 19:04:00', 1618877),
(199, 13, '2021-05-06 18:15:07', '2021-05-06 18:38:07', 924.3),
(200, 44, '2020-04-29 17:57:52', '2020-04-29 18:56:52', 663707),
(201, 51, '2020-06-12 8:37:20', '2020-06-12 8:56:20', 862),
(202, 9, '2023-04-18 16:42:39', '2023-04-18 18:40:39', 1636470),
(203, 2, '2022-11-30 12:12:44', '2022-11-30 13:29:44', 1426698),
(204, 10, '2021-01-14 20:26:53', '2021-01-14 21:52:53', 1242981),
(205, 24, '2022-02-16 12:28:55', '2022-02-16 13:02:55', 118522),
(206, 24, '2024-04-05 21:49:49', '2024-04-05 23:00:49', 852690),
(207, 49, '2021-03-13 21:42:34', '2021-03-13 22:05:34', -168954),
(208, 74, '2023-07-02 14:03:53', '2023-07-02 14:35:53', -73717),
(209, 40, '2023-09-29 12:51:05', '2023-09-29 15:31:05', 2204240),
(210, 11, '2024-04-02 2:48:32', '2024-04-02 3:35:32', 238991),
(211, 30, '2020-08-05 10:30:51', '2020-08-05 11:37:51', 304430),
(212, 49, '2021-06-01 23:46:00', '2021-06-02 0:36:00', 724887),
(213, 44, '2022-07-31 10:35:13', '2022-07-31 11:00:13', -307136),
(214, 62, '2020-08-29 19:39:36', '2020-08-29 20:03:36', -113223),
(215, 64, '2021-07-05 5:33:21', '2021-07-05 6:46:21', 517610),
(216, 4, '2023-12-08 4:33:05', '2023-12-08 6:10:05', 1885170),
(217, 63, '2022-07-16 1:24:56', '2022-07-16 2:40:56', 784298),
(218, 41, '2023-08-06 10:04:50', '2023-08-06 10:57:50', 361044),
(219, 12, '2020-07-01 21:42:04', '2020-07-01 23:25:04', 1333318),
(220, 54, '2023-11-04 13:59:21', '2023-11-04 15:23:21', 1037015),
(221, 69, '2023-02-08 22:27:39', '2023-02-09 0:14:39', 5751),
(222, 8, '2024-04-22 9:30:43', '2024-04-22 10:20:43', -35792),
(223, 65, '2020-08-19 0:51:08', '2020-08-19 1:41:08', 703883),
(224, 15, '2021-02-02 5:32:11', '2021-02-02 6:10:11', -12051),
(225, 52, '2022-11-20 11:22:13', '2022-11-20 12:47:13', 1214493),
(226, 49, '2020-08-30 15:06:10', '2020-08-30 15:42:10', 370539),
(227, 21, '2022-02-22 14:46:29', '2022-02-22 15:33:29', 291862),
(228, 60, '2020-06-06 12:42:58', '2020-06-06 13:42:58', 720260),
(229, 50, '2023-02-15 9:06:41', '2023-02-15 9:55:41', 302238),
(230, 49, '2021-03-09 13:15:12', '2021-03-09 14:41:12', 1142174),
(231, 46, '2021-03-11 6:12:46', '2021-03-11 8:09:46', 2064838),
(232, 51, '2023-02-22 2:42:32', '2023-02-22 3:11:32', 22037),
(233, 65, '2020-10-06 18:19:51', '2020-10-06 18:58:51', 611661),
(234, 45, '2021-02-11 6:17:48', '2021-02-11 7:07:48', 3637),
(235, 28, '2022-11-15 9:56:43', '2022-11-15 11:16:43', 646937),
(236, 60, '2020-06-10 3:20:28', '2020-06-10 3:41:28', -222065),
(237, 48, '2021-09-18 7:34:59', '2021-09-18 8:02:59', 2202),
(238, 24, '2022-01-22 20:25:45', '2022-01-22 21:14:45', 366826),
(239, 56, '2021-04-20 7:49:19', '2021-04-20 7:52:19', 281969),
(240, 19, '2024-04-17 17:48:06', '2024-04-17 19:26:06', 1538769),
(241, 4, '2020-10-18 9:37:48', '2020-10-18 11:12:48', 1258383),
(242, 53, '2023-01-20 1:21:02', '2023-01-20 2:18:02', 427061),
(243, 19, '2022-01-27 17:00:15', '2022-01-27 19:03:15', 2006826),
(244, 3, '2024-04-12 10:50:24', '2024-04-12 11:40:24', 557758),
(245, 69, '2020-10-18 3:47:06', '2020-10-18 5:11:06', 576810),
(246, 33, '2021-10-23 20:15:39', '2021-10-23 20:41:39', -28640),
(247, 22, '2022-05-24 8:53:09', '2022-05-24 10:46:09', 1752617),
(248, 31, '2020-11-22 16:31:53', '2020-11-22 17:47:53', 496884),
(249, 24, '2022-08-06 22:12:13', '2022-08-06 22:58:13', 312343),
(250, 67, '2022-07-20 16:36:13', '2022-07-20 17:41:13', 548627),
(251, 21, '2022-05-18 10:17:12', '2022-05-18 12:23:12', 7193),
(252, 9, '2023-08-13 9:41:24', '2023-08-13 11:07:24', 1783998),
(253, 12, '2021-04-13 19:10:06', '2021-04-13 20:08:06', 3388),
(254, 65, '2024-01-21 23:38:40', '2024-01-22 0:46:40', 1208621),
(255, 61, '2022-02-05 15:51:50', '2022-02-05 16:49:50', 506837),
(256, 58, '2024-01-04 7:29:24', '2024-01-04 9:58:24', 2409202),
(257, 75, '2020-07-15 5:16:55', '2020-07-15 5:59:55', 149386),
(258, 14, '2023-09-12 18:27:13', '2023-09-12 20:09:13', 5603),
(259, 63, '2020-08-08 16:58:13', '2020-08-08 17:37:13', 386215),
(260, 22, '2022-07-06 11:36:45', '2022-07-06 12:11:45', -94140),
(261, 35, '2024-02-29 16:13:53', '2024-02-29 17:25:53', 955932),
(262, 11, '2021-05-13 9:19:57', '2021-05-13 10:52:57', 865992),
(263, 6, '2022-01-22 0:04:42', '2022-01-22 0:56:42', 371878),
(264, 38, '2021-07-28 15:44:44', '2021-07-28 17:14:44', 995439),
(265, 13, '2022-09-16 7:42:36', '2022-09-16 8:25:36', 854304),
(266, 70, '2022-12-22 13:30:13', '2022-12-22 14:04:13', -224621),
(267, 37, '2021-12-01 3:03:26', '2021-12-01 4:14:26', 713107),
(268, 63, '2023-03-15 16:15:16', '2023-03-15 16:40:16', -13026),
(269, 53, '2022-04-07 7:10:51', '2022-04-07 7:48:51', 1953),
(270, 23, '2020-09-11 1:27:31', '2020-09-11 2:03:31', 319040),
(271, 19, '2022-03-21 3:58:38', '2022-03-21 5:09:38', 1192884),
(272, 70, '2022-06-27 14:48:09', '2022-06-27 15:02:09', -104822),
(273, 19, '2023-05-25 11:21:03', '2023-05-25 11:55:03', 103852),
(274, 42, '2021-07-17 6:31:51', '2021-07-17 8:09:51', 5768),
(275, 4, '2023-03-30 11:47:49', '2023-03-30 13:40:49', 1173191),
(276, 29, '2020-11-01 0:47:19', '2020-11-01 1:14:19', 1663),
(277, 23, '2020-06-09 0:06:23', '2020-06-09 0:39:23', 229830),
(278, 34, '2022-09-30 11:05:51', '2022-09-30 12:13:51', 553130),
(279, 35, '2021-04-13 14:39:12', '2021-04-13 15:45:12', 195101),
(280, 33, '2021-08-01 16:50:03', '2021-08-01 23:25:03', 32088.3),
(281, 34, '2022-01-14 12:12:34', '2022-01-14 13:01:34', -8308),
(282, 69, '2020-06-24 0:45:07', '2020-06-24 1:25:07', 274054),
(283, 25, '2022-04-18 1:55:18', '2022-04-18 4:29:18', 10027.1),
(284, 30, '2021-09-27 20:22:42', '2021-09-27 21:16:42', 402254),
(285, 61, '2022-10-11 13:08:47', '2022-10-11 14:20:47', 733774),
(286, 9, '2023-04-24 16:11:03', '2023-04-24 18:12:03', 1959041),
(287, 64, '2023-06-24 8:15:02', '2023-06-24 9:12:02', 830929),
(288, 14, '2023-08-08 9:00:46', '2023-08-08 10:39:46', 1088091),
(289, 38, '2022-08-10 8:13:05', '2022-08-10 9:01:05', 66477),
(290, 20, '2022-07-19 6:52:48', '2022-07-19 7:19:48', 208952),
(291, 32, '2022-11-28 1:15:32', '2022-11-28 2:33:32', 861395),
(292, 55, '2023-10-31 14:34:10', '2023-10-31 15:57:10', 1201893),
(293, 39, '2022-07-18 0:23:32', '2022-07-18 1:09:32', 380401),
(294, 28, '2022-02-10 15:39:53', '2022-02-10 16:16:53', 80721),
(295, 60, '2023-04-14 20:15:26', '2023-04-14 21:20:26', 988925),
(296, 50, '2024-04-12 22:41:09', '2024-04-12 23:18:09', 257710),
(297, 41, '2022-08-21 9:41:20', '2022-08-21 9:58:20', 976.6),
(298, 50, '2023-03-07 2:36:58', '2023-03-07 4:28:58', 4589),
(299, 44, '2021-10-18 4:01:27', '2021-10-18 5:11:27', 607581),
(300, 66, '2020-11-07 10:28:31', '2020-11-07 11:05:31', 311950),
(301, 71, '2022-06-30 18:56:41', '2022-06-30 20:08:41', 949814),
(302, 73, '2022-09-04 22:55:30', '2022-09-05 0:18:30', 1119956),
(303, 50, '2022-07-13 19:40:58', '2022-07-13 21:08:58', 1447458),
(304, 26, '2021-07-15 12:40:00', '2021-07-15 14:22:00', 1525315),
(305, 24, '2022-08-16 15:21:40', '2022-08-16 16:57:40', 1430900),
(306, 23, '2021-02-19 13:25:06', '2021-02-19 15:20:06', 1468123),
(307, 72, '2022-12-31 10:47:03', '2022-12-31 11:23:03', -247573),
(308, 74, '2022-03-12 4:34:14', '2022-03-12 5:00:14', 81816),
(309, 43, '2021-07-19 13:11:01', '2021-07-19 14:48:01', 1350424),
(310, 25, '2024-04-12 7:16:10', '2024-04-12 8:18:10', 252079),
(311, 60, '2023-02-20 8:35:31', '2023-02-20 9:48:31', 808739),
(312, 49, '2021-08-16 8:41:20', '2021-08-16 9:15:20', -9739),
(313, 56, '2021-02-24 21:24:54', '2021-02-24 21:47:54', -105828),
(314, 64, '2022-11-06 6:35:21', '2022-11-06 7:41:21', 563661),
(315, 53, '2020-12-28 11:43:01', '2020-12-28 12:36:01', 857712),
(316, 18, '2023-11-04 14:27:41', '2023-11-04 16:41:41', 2334053),
(317, 53, '2022-11-04 2:33:16', '2022-11-04 3:50:16', 5387),
(318, 65, '2021-04-10 4:59:07', '2021-04-10 5:41:07', 270312),
(319, 75, '2023-12-30 1:47:53', '2023-12-30 2:10:53', -199420),
(320, 10, '2022-07-13 2:04:46', '2022-07-13 3:50:46', 10923.1),
(321, 64, '2020-07-15 23:44:01', '2020-07-16 0:21:01', 169718),
(322, 18, '2022-04-20 1:42:28', '2022-04-20 3:00:28', 939192),
(323, 69, '2021-02-25 14:34:42', '2021-02-25 15:47:42', 897281),
(324, 37, '2024-03-09 4:45:58', '2024-03-09 5:31:58', 116361),
(325, 75, '2022-11-02 15:29:04', '2022-11-02 20:02:04', 20906.9),
(326, 53, '2022-06-14 20:17:21', '2022-06-14 20:41:21', -224774),
(327, 25, '2022-05-23 20:58:10', '2022-05-23 21:35:10', 311188),
(328, 15, '2023-06-14 17:21:49', '2023-06-14 19:17:49', 1543152),
(329, 75, '2020-05-03 16:21:55', '2020-05-03 18:31:55', 1667060),
(330, 22, '2023-05-28 23:26:58', '2023-05-29 0:32:58', 795256),
(331, 41, '2022-07-15 7:54:43', '2022-07-15 10:13:43', 2155875),
(332, 61, '2022-10-08 10:52:23', '2022-10-08 12:22:23', 1242800),
(333, 50, '2021-05-07 16:38:19', '2021-05-07 17:25:19', 4232),
(334, 56, '2023-03-08 14:19:34', '2023-03-08 15:42:34', 1092078),
(335, 47, '2020-11-04 12:31:36', '2020-11-04 13:36:36', 704951),
(336, 20, '2023-10-24 18:03:00', '2023-10-24 20:16:00', 2281915),
(337, 64, '2021-12-17 9:01:45', '2021-12-17 10:04:45', 828585),
(338, 46, '2020-06-05 23:48:43', '2020-06-06 1:56:43', 1710919),
(339, 26, '2022-10-02 7:04:05', '2022-10-02 8:00:05', 376687),
(340, 56, '2022-08-27 11:42:11', '2022-08-27 13:15:11', 1270194),
(341, 68, '2021-06-19 16:41:12', '2021-06-19 17:36:12', 171148),
(342, 13, '2024-02-22 1:22:28', '2024-02-22 2:51:28', 978334),
(343, 66, '2022-12-19 13:39:13', '2022-12-19 14:51:13', 1120597),
(344, 28, '2024-04-04 0:48:41', '2024-04-04 2:07:41', 1016592),
(345, 48, '2022-07-30 22:42:15', '2022-07-30 23:46:15', 177661),
(346, 56, '2023-12-07 20:46:56', '2023-12-07 21:53:56', 3813),
(347, 30, '2022-01-19 20:55:43', '2022-01-19 21:52:43', 571057),
(348, 38, '2022-08-16 15:02:50', '2022-08-16 15:48:50', 113835),
(349, 66, '2022-12-09 10:24:57', '2022-12-09 11:09:57', 553375),
(350, 31, '2022-05-06 2:53:50', '2022-05-06 4:01:50', 1105834),
(351, 33, '2022-01-15 2:07:16', '2022-01-15 2:17:16', 913.8),
(352, 40, '2022-12-28 20:48:58', '2022-12-28 22:20:58', 1545402),
(353, 32, '2021-04-30 1:27:04', '2021-04-30 2:19:04', 466963),
(354, 73, '2023-12-13 23:27:32', '2023-12-14 0:11:32', 438324),
(355, 28, '2023-02-04 21:03:13', '2023-02-04 23:01:13', 6998),
(356, 60, '2022-07-15 13:15:09', '2022-07-15 14:09:09', 1204388),
(357, 55, '2021-04-28 13:01:14', '2021-04-28 14:20:14', 1172096),
(358, 69, '2023-04-04 22:21:16', '2023-04-04 22:56:16', 293656),
(359, 7, '2023-12-29 3:37:12', '2023-12-29 5:24:12', 2088579),
(360, 45, '2020-07-06 0:24:07', '2020-07-06 1:11:07', 260145),
(361, 48, '2022-05-25 9:51:04', '2022-05-25 11:16:04', 1173585),
(362, 22, '2024-02-26 23:22:43', '2024-02-27 0:18:43', 634488),
(363, 10, '2022-09-01 23:53:35', '2022-09-02 1:27:35', 3887),
(364, 17, '2021-07-31 22:30:13', '2021-07-31 22:59:13', -223405),
(365, 29, '2022-05-31 5:39:01', '2022-05-31 7:12:01', 1988960),
(366, 36, '2022-06-30 1:50:28', '2022-06-30 8:43:28', 33047.8),
(367, 5, '2024-02-28 6:55:17', '2024-02-28 7:13:17', -104610),
(368, 20, '2022-08-18 17:55:21', '2022-08-18 18:37:21', 86412),
(369, 17, '2022-07-29 10:19:37', '2022-07-29 11:13:37', 485530),
(370, 61, '2022-06-27 0:33:27', '2022-06-27 1:02:27', 1375),
(371, 43, '2021-12-25 13:12:15', '2021-12-25 14:33:15', 1095516),
(372, 69, '2021-05-07 16:35:33', '2021-05-07 16:57:33', -139370),
(373, 1, '2021-11-21 14:44:06', '2021-11-21 16:01:06', 724309),
(374, 4, '2022-09-24 4:09:22', '2022-09-24 5:28:22', 1419578),
(375, 42, '2020-06-10 18:16:13', '2020-06-10 19:48:13', 4746),
(376, 65, '2022-08-03 11:41:54', '2022-08-03 12:22:54', 11444),
(377, 46, '2021-05-23 12:32:27', '2021-05-23 13:25:27', 4069),
(378, 5, '2021-04-02 14:35:32', '2021-04-02 15:11:32', -76912),
(379, 75, '2020-05-04 1:58:22', '2020-05-04 2:27:22', -5598),
(380, 18, '2021-06-21 2:21:15', '2021-06-21 2:48:15', 133528),
(381, 17, '2021-05-13 13:02:09', '2021-05-13 14:14:09', 1062309),
(382, 39, '2021-07-14 17:09:11', '2021-07-14 17:43:11', 259536),
(383, 18, '2021-03-02 8:26:13', '2021-03-02 8:46:13', -304367),
(384, 22, '2021-11-11 13:44:16', '2021-11-11 14:46:16', 663495),
(385, 29, '2022-04-24 4:16:02', '2022-04-24 5:24:02', 641581),
(386, 4, '2021-03-29 2:11:53', '2021-03-29 3:12:53', 633333),
(387, 8, '2022-07-19 3:37:08', '2022-07-19 4:09:08', -78281),
(388, 23, '2024-01-17 15:51:40', '2024-01-17 16:42:40', 3021),
(389, 35, '2021-05-01 20:14:20', '2021-05-01 20:47:20', 264834),
(390, 33, '2023-07-11 20:29:54', '2023-07-11 21:26:54', 576932),
(391, 67, '2023-11-22 20:26:15', '2023-11-22 20:53:15', -182772),
(392, 61, '2021-09-24 21:30:54', '2021-09-24 22:39:54', 1381746),
(393, 7, '2020-11-02 6:46:29', '2020-11-02 7:50:29', 1134080),
(394, 53, '2021-07-24 18:55:06', '2021-07-24 19:54:06', 672139),
(395, 70, '2020-08-14 17:47:02', '2020-08-14 19:15:02', 1285410),
(396, 9, '2022-12-24 22:49:58', '2022-12-25 2:02:58', 12365),
(397, 38, '2021-08-20 6:48:27', '2021-08-20 7:07:27', 32540),
(398, 1, '2021-05-07 18:38:11', '2021-05-07 19:55:11', 1127931),
(399, 40, '2024-02-10 14:28:31', '2024-02-10 16:18:31', 1446209),
(400, 60, '2024-03-15 13:52:19', '2024-03-15 14:21:19', -286714),
(401, 43, '2022-06-02 22:34:35', '2022-06-02 23:32:35', 973525),
(402, 69, '2021-05-12 17:51:28', '2021-05-12 18:07:28', -235428),
(403, 35, '2021-05-11 15:26:06', '2021-05-11 16:17:06', 507721),
(404, 55, '2021-05-24 15:41:58', '2021-05-24 16:43:58', 3124),
(405, 46, '2024-02-15 20:29:58', '2024-02-15 20:58:58', -198843),
(406, 36, '2022-10-01 21:08:50', '2022-10-01 21:55:50', 328445),
(407, 43, '2023-06-08 7:42:25', '2023-06-08 8:10:25', -190868),
(408, 47, '2023-03-21 17:44:14', '2023-03-21 19:00:14', 725920),
(409, 45, '2023-09-13 16:50:04', '2023-09-13 18:03:04', 645537),
(410, 74, '2023-07-02 18:22:46', '2023-07-02 18:56:46', -302328),
(411, 57, '2022-08-15 16:24:30', '2022-08-15 17:08:30', -95632),
(412, 53, '2023-01-10 2:04:18', '2023-01-10 2:28:18', 1169),
(413, 41, '2022-01-20 6:18:20', '2022-01-20 7:19:20', 2825),
(414, 43, '2020-11-30 11:00:31', '2020-11-30 12:39:31', 1814740),
(415, 56, '2022-03-28 11:10:41', '2022-03-28 12:38:41', 1260301),
(416, 6, '2020-11-08 12:58:23', '2020-11-08 13:36:23', 49461),
(417, 30, '2020-09-21 1:21:44', '2020-09-21 3:12:44', 1007127),
(418, 59, '2021-03-31 7:48:20', '2021-03-31 8:03:20', -27301),
(419, 7, '2020-06-08 2:56:59', '2020-06-08 4:27:59', 1213734),
(420, 52, '2022-07-02 2:56:45', '2022-07-02 3:24:45', 90613),
(421, 56, '2021-01-23 21:21:34', '2021-01-23 22:06:34', 196562),
(422, 14, '2020-09-27 20:27:03', '2020-09-27 21:07:03', -27666),
(423, 60, '2021-06-22 1:41:33', '2021-06-22 2:07:33', -218354),
(424, 10, '2020-10-06 16:23:01', '2020-10-06 17:06:01', 3187),
(425, 25, '2023-03-01 17:16:20', '2023-03-01 18:23:20', 655460),
(426, 22, '2022-10-04 7:34:21', '2022-10-04 8:08:21', 145581),
(427, 16, '2022-05-22 8:30:06', '2022-05-22 9:02:06', 46478),
(428, 30, '2023-10-15 4:53:11', '2023-10-15 6:53:11', 5784),
(429, 2, '2021-10-01 18:19:42', '2021-10-01 19:55:42', 1640122),
(430, 49, '2021-02-10 12:34:19', '2021-02-10 13:38:19', 590080),
(431, 38, '2022-10-01 23:12:40', '2022-10-01 23:35:40', -170385),
(432, 62, '2021-12-07 6:23:31', '2021-12-07 7:22:31', 564726),
(433, 6, '2022-07-30 2:42:01', '2022-07-30 4:02:01', 1365675),
(434, 43, '2021-06-10 8:56:18', '2021-06-10 9:46:18', 337942),
(435, 24, '2022-10-12 13:18:11', '2022-10-12 14:43:11', 1274515),
(436, 19, '2023-09-23 17:08:01', '2023-09-23 18:34:01', 4989),
(437, 2, '2021-03-14 16:33:59', '2021-03-14 18:15:59', 1374927),
(438, 21, '2022-11-21 17:26:04', '2022-11-21 18:37:04', 1227033),
(439, 5, '2021-12-02 11:28:08', '2021-12-02 11:46:08', -141592),
(440, 1, '2020-10-30 2:21:33', '2020-10-30 2:59:33', -638),
(441, 74, '2023-12-26 22:17:00', '2023-12-26 23:47:00', 1879995),
(442, 71, '2023-07-31 14:02:35', '2023-07-31 15:07:35', 4102),
(443, 15, '2022-12-18 11:13:01', '2022-12-18 12:10:01', 4272),
(444, 51, '2024-02-12 11:04:54', '2024-02-12 12:22:54', 668881),
(445, 75, '2021-06-06 4:01:55', '2021-06-06 4:34:55', 1387),
(446, 53, '2021-08-05 13:41:00', '2021-08-05 14:43:00', 2131),
(447, 72, '2023-04-08 7:47:52', '2023-04-08 9:45:52', 1730337),
(448, 1, '2020-12-16 17:45:15', '2020-12-16 18:54:15', 978546),
(449, 27, '2022-10-17 18:33:55', '2022-10-17 19:13:55', 272473),
(450, 36, '2022-03-17 2:45:39', '2022-03-17 3:46:39', 395042),
(451, 64, '2023-08-15 21:24:03', '2023-08-15 22:00:03', -97152),
(452, 74, '2024-04-23 14:39:20', '2024-04-23 15:38:20', 738188),
(453, 3, '2022-01-16 15:51:20', '2022-01-16 18:29:20', 2904835),
(454, 23, '2023-03-10 15:21:31', '2023-03-10 16:48:31', 398541),
(455, 37, '2021-03-14 4:42:25', '2021-03-14 5:37:25', 642495),
(456, 47, '2020-08-04 4:42:57', '2020-08-04 5:09:57', 894.7),
(457, 66, '2022-12-21 5:05:25', '2022-12-21 5:38:25', -179120),
(458, 4, '2023-10-16 0:21:09', '2023-10-16 3:10:09', 11577.1),
(459, 31, '2024-01-25 0:20:19', '2024-01-25 0:51:19', -237680),
(460, 63, '2022-03-14 22:48:13', '2022-03-15 0:26:13', 1238022),
(461, 49, '2022-11-19 6:06:26', '2022-11-19 7:39:26', 987495),
(462, 72, '2022-09-20 5:51:56', '2022-09-20 6:43:56', 1074332),
(463, 54, '2021-04-12 9:41:02', '2021-04-12 11:35:02', 1972858),
(464, 41, '2021-03-16 15:10:04', '2021-03-16 16:20:04', 977969),
(465, 21, '2020-07-29 1:15:52', '2020-07-29 2:14:52', 334350),
(466, 6, '2021-03-30 23:03:58', '2021-03-31 2:28:58', 14272),
(467, 4, '2022-06-16 12:03:17', '2022-06-16 12:34:17', -163141),
(468, 49, '2020-05-11 13:55:48', '2020-05-11 14:56:48', 718189),
(469, 37, '2021-06-03 7:52:55', '2021-06-03 8:50:55', 3762),
(470, 60, '2023-02-16 14:35:57', '2023-02-16 14:58:57', -167797),
(471, 43, '2021-06-19 14:11:21', '2021-06-19 14:52:21', -209039),
(472, 41, '2023-02-25 3:32:42', '2023-02-25 4:11:42', 400825),
(473, 8, '2022-07-16 7:27:16', '2022-07-16 8:42:16', 1017992),
(474, 65, '2020-09-05 13:05:03', '2020-09-05 14:21:03', 1124066),
(475, 40, '2021-12-19 4:54:18', '2021-12-19 7:19:18', 2173925),
(476, 28, '2021-08-01 9:20:50', '2021-08-01 10:32:50', 4416),
(477, 73, '2023-08-25 19:38:13', '2023-08-25 19:50:13', 650),
(478, 38, '2021-11-11 2:54:01', '2021-11-11 3:20:01', -110120),
(479, 44, '2020-05-12 1:59:03', '2020-05-12 2:31:03', -235459),
(480, 62, '2022-05-12 13:42:46', '2022-05-12 14:47:46', 537305),
(481, 2, '2020-08-05 10:05:15', '2020-08-05 10:49:15', 106166),
(482, 65, '2022-06-04 21:32:26', '2022-06-04 22:08:26', -11230),
(483, 49, '2024-04-17 23:15:08', '2024-04-18 0:13:08', 303730),
(484, 6, '2022-04-27 11:17:08', '2022-04-27 12:08:08', 703702),
(485, 12, '2022-06-03 13:36:31', '2022-06-03 14:45:31', 736877),
(486, 25, '2023-08-09 11:53:29', '2023-08-09 12:41:29', 215221),
(487, 21, '2021-07-09 11:58:10', '2021-07-09 12:49:10', 346677),
(488, 35, '2022-07-23 1:22:45', '2022-07-23 2:09:45', 321415),
(489, 44, '2024-04-15 19:32:02', '2024-04-15 20:43:02', 1003779),
(490, 60, '2020-05-13 9:22:32', '2020-05-13 9:56:32', 291101),
(491, 1, '2024-04-27 21:32:53', '2024-04-27 21:33:39', 281025),
(492, 2, '2024-04-27 21:33:47', '2024-04-27 21:35:15', 1874851),
(493, 3, '2024-04-27 21:35:43', '2024-04-27 21:37:04', 530731),
(494, 57, '2021-12-07 21:58:12', '2021-12-07 22:07:12', 918.3),
(495, 72, '2020-09-29 10:02:25', '2020-09-29 10:22:25', 684.8),
(496, 53, '2020-05-26 14:52:13', '2020-05-26 15:21:13', 938.6),
(497, 57, '2020-12-22 12:19:46', '2020-12-22 14:21:46', 1390205),
(498, 33, '2022-09-19 21:51:59', '2022-09-19 21:59:59', 689.5),
(499, 39, '2021-11-17 0:58:27', '2021-11-17 3:59:27', 16460),
(500, 34, '2022-02-14 23:53:32', '2022-02-15 0:21:32', -35976),
(501, 51, '2022-08-08 10:31:32', '2022-08-08 12:23:32', 1358825),
(502, 45, '2024-03-13 22:13:13', '2024-03-14 0:37:13', 8594),
(503, 62, '2021-12-12 11:05:02', '2021-12-12 11:27:02', 1605),
(504, 4, '2024-04-27 21:52:36', '2024-04-27 21:54:37', 1488424),
(505, 5, '2024-04-27 21:56:27', '2024-04-27 21:56:56', 2039),
(506, 49, '2022-02-19 16:36:46', '2022-02-19 18:05:46', 4140),
(507, 13, '2020-06-06 3:01:53', '2020-06-06 3:25:53', 792.9),
(508, 60, '2021-11-16 21:03:29', '2021-11-16 22:18:29', 642099),
(509, 10, '2021-01-15 2:08:49', '2021-01-15 3:53:49', 2167897),
(510, 68, '2022-11-24 9:34:49', '2022-11-24 10:43:49', 1002683),
(749, 1, '2024-04-28 20:34:22', '2024-04-28 20:34:54', -64434),
(750, 19, '2023-12-09 21:08:32', '2023-12-09 22:51:32', 1833519),
(751, 36, '2023-10-27 17:47:50', '2023-10-27 18:59:50', 542204),
(752, 4, '2023-07-13 18:44:45', '2023-07-13 19:23:45', 257618),
(753, 36, '2023-01-07 20:38:32', '2023-01-07 21:57:32', 1652725),
(754, 22, '2023-05-21 5:05:54', '2023-05-21 7:44:54', 10615.7),
(755, 28, '2020-08-19 19:34:57', '2020-08-19 20:12:57', -217867),
(756, 54, '2022-06-12 10:41:27', '2022-06-12 12:19:27', 5184),
(757, 75, '2023-01-21 11:54:15', '2023-01-21 12:26:15', 269367),
(758, 1, '2022-05-05 17:33:27', '2022-05-05 18:31:27', 545522),
(759, 47, '2022-08-15 9:49:31', '2022-08-15 10:32:31', 148349),
(760, 69, '2021-09-06 0:59:21', '2021-09-06 1:52:21', 648094),
(761, 75, '2020-05-26 3:16:07', '2020-05-26 4:43:07', 1132466),
(762, 24, '2021-02-25 21:07:17', '2021-02-25 22:04:17', 625175),
(763, 8, '2022-08-12 8:02:02', '2022-08-12 8:56:02', 1088150),
(764, 53, '2023-02-16 2:28:04', '2023-02-16 3:25:04', 1655402),
(765, 74, '2021-05-11 21:49:06', '2021-05-11 23:10:06', 1606064),
(766, 14, '2022-06-07 5:23:04', '2022-06-07 5:38:04', 623.5),
(767, 32, '2022-10-21 13:22:42', '2022-10-21 14:45:42', 1304069),
(768, 9, '2020-06-28 2:31:16', '2020-06-28 3:20:16', 1024750),
(769, 30, '2021-08-14 12:59:48', '2021-08-14 13:35:48', 361958),
(777, 3, '2022-10-02 10:24:27', '2022-10-02 11:44:27', 584449),
(778, 10, '2023-10-05 7:18:21', '2023-10-05 8:25:21', 781315),
(779, 53, '2020-09-04 9:38:23', '2020-09-04 10:08:23', 296060),
(780, 57, '2024-04-09 3:04:56', '2024-04-09 4:48:56', 2348297),
(781, 49, '2022-01-17 23:02:15', '2022-01-18 0:41:15', 1835954),
(782, 58, '2021-03-06 7:32:39', '2021-03-06 8:39:39', 1115665),
(783, 9, '2023-03-31 10:02:17', '2023-03-31 10:14:17', 632.1),
(784, 41, '2024-01-21 12:46:52', '2024-01-21 13:33:52', 395680),
(785, 58, '2020-12-14 16:09:07', '2020-12-14 17:39:07', 1934142),
(786, 32, '2020-10-06 8:55:06', '2020-10-06 11:11:06', 10264.9),
(787, 40, '2023-03-11 13:46:14', '2023-03-11 14:13:14', -55699),
(788, 43, '2021-08-13 2:58:31', '2021-08-13 3:43:31', 261912),
(789, 35, '2021-07-20 3:45:35', '2021-07-20 5:34:35', 1512684),
(790, 40, '2021-09-17 16:41:21', '2021-09-17 18:23:21', 1338675),
(791, 25, '2020-08-13 11:39:53', '2020-08-13 11:54:53', 988.7),
(792, 31, '2023-04-27 14:33:35', '2023-04-27 15:08:35', -21516),
(793, 9, '2020-07-08 7:51:54', '2020-07-08 8:27:54', 109057),
(794, 42, '2020-11-22 17:40:45', '2020-11-22 18:37:45', 937335),
(795, 25, '2020-06-07 18:18:50', '2020-06-07 18:33:50', -55149),
(796, 38, '2022-09-24 1:03:33', '2022-09-24 2:25:33', 5437),
(797, 63, '2023-06-04 16:50:00', '2023-06-04 18:05:00', 1060787),
(798, 67, '2023-05-16 7:42:47', '2023-05-16 8:07:47', -266990),
(799, 15, '2020-08-06 9:38:09', '2020-08-06 11:14:09', 2024722),
(800, 30, '2021-03-18 21:39:33', '2021-03-18 22:14:33', 564514),
(801, 43, '2020-09-19 7:30:49', '2020-09-19 8:32:49', 1086995),
(802, 5, '2021-04-29 12:18:15', '2021-04-29 13:05:15', 883919),
(803, 20, '2024-03-19 20:40:42', '2024-03-19 21:02:42', -58040),
(804, 55, '2022-02-11 6:19:43', '2022-02-11 6:48:43', -259991),
(805, 2, '2023-11-16 5:26:23', '2023-11-16 6:14:23', 377722),
(806, 56, '2022-01-12 2:34:10', '2022-01-12 4:44:10', 2806311),
(807, 43, '2022-08-29 17:19:46', '2022-08-30 0:28:46', 35276.4),
(808, 72, '2020-08-06 23:51:23', '2020-08-07 1:29:23', 1601834),
(809, 16, '2020-08-08 3:17:41', '2020-08-08 4:05:41', 4444),
(810, 44, '2024-02-18 11:56:35', '2024-02-18 12:33:35', 152704),
(811, 55, '2021-04-19 19:21:20', '2021-04-19 20:29:20', 697250),
(812, 1, '2023-01-01 17:43:31', '2023-01-01 19:52:31', 10106),
(813, 19, '2023-03-18 5:54:26', '2023-03-18 7:00:26', 464956),
(814, 16, '2021-07-27 5:07:57', '2021-07-27 6:39:57', 2583179),
(815, 30, '2023-11-28 3:17:24', '2023-11-28 4:10:24', 540043),
(816, 2, '2022-04-24 4:46:30', '2022-04-24 6:02:30', 930518),
(817, 65, '2021-11-24 23:17:28', '2021-11-25 0:08:28', 325950),
(818, 53, '2023-07-19 20:14:47', '2023-07-19 21:27:47', 1536820),
(819, 29, '2023-08-28 12:39:24', '2023-08-28 13:56:24', 595133),
(820, 22, '2022-11-23 0:55:46', '2022-11-23 4:32:46', 13609.7),
(821, 66, '2024-02-28 10:57:24', '2024-02-28 12:22:24', 1443226),
(822, 75, '2022-05-12 13:16:29', '2022-05-12 13:53:29', 181924),
(823, 19, '2023-12-30 3:40:11', '2023-12-30 4:04:11', -180308),
(824, 7, '2022-06-11 22:46:46', '2022-06-11 23:15:46', 342812),
(825, 45, '2023-04-07 1:50:55', '2023-04-07 3:26:55', 394646),
(826, 45, '2020-08-08 16:48:35', '2020-08-08 16:54:35', 559.3),
(827, 69, '2022-10-29 14:43:48', '2022-10-29 16:07:48', 1702975),
(828, 9, '2023-04-11 3:07:50', '2023-04-11 4:35:50', 872718),
(829, 34, '2020-09-05 17:09:11', '2020-09-05 17:57:11', 125676),
(830, 54, '2022-06-30 4:03:06', '2022-06-30 4:43:06', 316787),
(831, 52, '2020-10-31 4:26:18', '2020-10-31 5:37:18', 455125),
(832, 65, '2021-03-01 12:30:53', '2021-03-01 12:50:53', 1148),
(833, 18, '2024-04-02 14:35:20', '2024-04-02 15:58:20', 465321),
(834, 3, '2020-07-09 10:07:56', '2020-07-09 10:49:56', 490554),
(835, 55, '2022-01-05 19:08:56', '2022-01-05 22:19:56', 12469.6),
(836, 41, '2023-07-27 10:48:29', '2023-07-27 11:49:29', 911678),
(837, 16, '2021-01-19 18:47:25', '2021-01-19 19:17:25', -69669),
(838, 48, '2021-12-08 14:11:22', '2021-12-08 16:09:22', 11609.9),
(839, 62, '2021-11-04 4:56:08', '2021-11-04 5:15:08', -130574),
(840, 61, '2024-02-14 12:01:09', '2024-02-14 13:15:09', 731003),
(841, 48, '2020-11-19 2:12:54', '2020-11-19 4:53:54', 10757.6),
(842, 45, '2022-06-16 1:18:06', '2022-06-16 1:54:06', -33084),
(843, 7, '2022-05-21 19:19:52', '2022-05-21 20:12:52', 3864),
(844, 1, '2020-10-16 10:48:25', '2020-10-16 11:09:25', -75908),
(845, 44, '2020-09-24 0:41:40', '2020-09-24 2:32:40', 1783328),
(846, 17, '2023-02-04 15:49:47', '2023-02-04 16:39:47', 387921),
(847, 36, '2021-06-06 18:23:39', '2021-06-06 19:32:39', 451562),
(848, 37, '2021-02-18 21:01:41', '2021-02-19 3:50:41', 33969.4),
(849, 75, '2024-04-16 18:56:08', '2024-04-16 20:14:08', 1112743),
(850, 57, '2021-01-29 8:39:22', '2021-01-29 10:29:22', 1854855),
(851, 56, '2022-01-25 16:15:18', '2022-01-25 16:42:18', 1021),
(852, 54, '2021-11-25 23:29:36', '2021-11-26 0:11:36', -2099),
(853, 26, '2024-02-23 18:33:10', '2024-02-23 19:19:10', 421492),
(854, 50, '2023-10-20 9:15:32', '2023-10-20 11:05:32', 1785763),
(855, 4, '2020-07-13 17:29:55', '2020-07-13 17:55:55', -209496),
(856, 37, '2021-10-08 23:19:11', '2021-10-09 0:18:11', 615252),
(857, 26, '2022-11-19 16:37:38', '2022-11-19 18:27:38', 1862221),
(858, 33, '2022-06-01 4:35:13', '2022-06-01 5:54:13', 10780.6),
(859, 57, '2023-08-26 13:15:07', '2023-08-26 13:40:07', -36828),
(860, 60, '2024-04-12 5:59:08', '2024-04-12 6:57:08', 835312),
(861, 67, '2020-05-12 14:23:23', '2020-05-12 14:47:23', -231806),
(862, 7, '2022-02-18 6:59:50', '2022-02-18 8:08:50', 1051201),
(863, 74, '2020-09-17 17:11:42', '2020-09-17 18:16:42', 897037),
(864, 2, '2021-03-06 4:53:24', '2021-03-06 5:47:24', 73567),
(865, 28, '2023-12-05 21:40:55', '2023-12-05 22:39:55', 872079),
(866, 31, '2023-09-11 6:37:43', '2023-09-11 8:14:43', 1071290),
(867, 52, '2023-09-08 21:48:24', '2023-09-08 22:10:24', 983.8),
(868, 53, '2023-12-21 3:48:09', '2023-12-21 5:35:09', 2307969),
(869, 6, '2022-04-14 14:34:39', '2022-04-14 16:40:39', 2385613),
(870, 60, '2023-05-07 7:44:37', '2023-05-07 8:08:37', -328473),
(871, 66, '2021-05-23 15:26:08', '2021-05-23 16:14:08', 2565),
(872, 4, '2023-12-14 0:51:11', '2023-12-14 1:30:11', 54848),
(873, 12, '2020-05-23 3:51:11', '2020-05-23 4:21:11', 62214),
(874, 68, '2022-07-11 9:22:34', '2022-07-11 10:21:34', 642645),
(875, 45, '2020-10-30 0:00:57', '2020-10-30 0:55:57', 734504),
(876, 40, '2023-05-07 12:58:06', '2023-05-07 13:51:06', 842037),
(877, 47, '2021-12-28 1:55:51', '2021-12-28 2:59:51', 1269463),
(878, 53, '2023-03-05 1:21:53', '2023-03-05 3:02:53', 1540838),
(879, 34, '2020-06-01 17:55:34', '2020-06-01 19:32:34', 652722),
(880, 50, '2022-11-02 13:04:40', '2022-11-02 13:39:40', 113043),
(881, 13, '2021-05-07 11:45:21', '2021-05-07 12:01:21', 1526),
(882, 35, '2020-06-21 11:38:33', '2020-06-21 13:33:33', 823805),
(883, 21, '2023-03-09 22:18:28', '2023-03-09 23:22:28', 719377),
(884, 36, '2020-10-22 1:26:18', '2020-10-22 1:36:18', -40874),
(885, 4, '2023-09-04 16:03:01', '2023-09-04 16:46:01', 557543),
(886, 75, '2022-11-04 7:28:16', '2022-11-04 9:44:16', 1204085),
(887, 32, '2022-04-13 12:24:41', '2022-04-13 13:59:41', 952432),
(888, 63, '2023-08-03 18:19:35', '2023-08-03 19:25:35', 783173),
(889, 46, '2022-09-08 12:47:29', '2022-09-08 14:51:29', 1852237),
(890, 45, '2023-07-20 4:32:33', '2023-07-20 5:37:33', 1275245),
(891, 75, '2024-02-29 13:00:17', '2024-02-29 14:31:17', 1352738),
(892, 39, '2021-06-15 20:59:13', '2021-06-15 21:54:13', 552704),
(893, 28, '2020-10-21 23:35:51', '2020-10-22 0:07:51', 389928),
(894, 69, '2021-05-29 19:13:49', '2021-05-29 19:43:49', -262729),
(895, 52, '2022-08-01 14:21:59', '2022-08-01 15:16:59', 90979),
(896, 9, '2022-08-25 19:52:13', '2022-08-25 20:54:13', 680600),
(897, 51, '2022-11-26 13:26:23', '2022-11-26 14:11:23', 496033),
(898, 18, '2023-07-07 16:53:02', '2023-07-07 17:48:02', 604903),
(899, 20, '2021-03-01 3:19:44', '2021-03-01 3:45:44', 117457),
(900, 68, '2023-05-04 16:59:38', '2023-05-04 18:34:38', 1841979),
(901, 18, '2023-10-02 7:01:13', '2023-10-02 7:16:13', -289605),
(902, 38, '2020-05-12 8:11:55', '2020-05-12 8:27:55', 707.2),
(903, 13, '2021-04-10 15:39:03', '2021-04-10 16:50:03', 841306),
(904, 53, '2020-10-14 11:11:00', '2020-10-14 12:20:00', 1662433),
(905, 31, '2021-04-06 19:24:57', '2021-04-06 19:56:57', -236066),
(906, 43, '2020-10-02 13:48:44', '2020-10-02 13:58:44', 835),
(907, 55, '2023-01-28 1:42:07', '2023-01-28 2:27:07', 2356),
(908, 8, '2022-08-22 1:23:31', '2022-08-22 2:55:31', 1094635),
(909, 28, '2023-07-17 3:41:10', '2023-07-17 5:08:10', 1040578),
(910, 47, '2021-09-06 21:50:23', '2021-09-06 22:47:23', 465076),
(911, 36, '2023-10-20 17:23:37', '2023-10-20 18:13:37', 822253),
(912, 44, '2021-11-06 21:55:22', '2021-11-06 22:41:22', 141471),
(913, 67, '2020-07-19 15:54:15', '2020-07-19 17:00:15', 3629),
(914, 14, '2021-11-18 14:01:21', '2021-11-18 15:14:21', 1053817),
(915, 74, '2021-11-28 17:07:20', '2021-11-28 18:30:20', 1223685),
(916, 65, '2023-05-31 13:59:31', '2023-05-31 14:58:31', 602165),
(917, 20, '2023-09-07 18:07:54', '2023-09-07 19:42:54', 1139802),
(918, 44, '2022-08-16 9:29:16', '2022-08-16 9:57:16', -174737),
(919, 55, '2020-08-15 19:27:44', '2020-08-15 21:12:44', 4916),
(920, 7, '2023-08-13 9:28:08', '2023-08-13 10:00:08', -240115),
(921, 7, '2023-10-31 14:21:31', '2023-10-31 16:02:31', 1743517),
(922, 35, '2021-10-24 17:13:50', '2021-10-24 18:14:50', 963390),
(923, 72, '2021-10-12 18:18:34', '2021-10-12 20:22:34', 1626213),
(924, 28, '2022-06-29 11:57:43', '2022-06-29 13:08:43', 1453911),
(925, 49, '2022-05-22 3:20:45', '2022-05-22 4:49:45', 1204266),
(926, 33, '2021-08-14 11:38:15', '2021-08-14 12:18:15', 288269),
(927, 55, '2022-10-01 23:56:25', '2022-10-02 1:40:25', 2032424),
(928, 53, '2023-08-18 22:22:15', '2023-08-18 23:51:15', 1036711),
(929, 13, '2022-01-17 13:48:57', '2022-01-17 15:29:57', 1026545),
(930, 66, '2021-12-08 20:06:38', '2021-12-08 20:14:38', 790.2),
(931, 2, '2024-04-15 22:53:06', '2024-04-15 23:55:06', 1512562),
(932, 12, '2022-05-02 15:01:00', '2022-05-02 15:49:00', 372243),
(933, 68, '2022-06-25 3:44:38', '2022-06-25 5:31:38', 1647305),
(934, 74, '2022-04-07 20:57:25', '2022-04-08 3:22:25', 32006.5),
(935, 66, '2021-04-13 5:10:46', '2021-04-13 6:03:46', 594463),
(936, 33, '2023-01-30 5:05:40', '2023-01-30 5:39:40', 228734),
(937, 18, '2021-06-26 13:03:38', '2021-06-26 13:51:38', 2279),
(938, 47, '2022-09-06 10:26:49', '2022-09-06 11:13:49', 204569),
(939, 49, '2020-05-02 6:06:33', '2020-05-02 6:53:33', 670312),
(940, 75, '2024-02-11 11:24:05', '2024-02-11 13:12:05', 1542087),
(941, 13, '2021-09-02 9:43:23', '2021-09-02 10:34:23', 4518),
(942, 63, '2022-02-11 5:58:06', '2022-02-11 6:51:06', 788742),
(943, 34, '2022-09-11 18:46:29', '2022-09-11 19:44:29', 861091),
(944, 75, '2023-10-21 2:15:19', '2023-10-21 3:37:19', 1441308),
(945, 5, '2022-10-18 18:32:15', '2022-10-18 19:31:15', 204782),
(946, 37, '2023-04-17 17:59:14', '2023-04-17 19:01:14', 876980),
(947, 59, '2021-11-02 23:38:15', '2021-11-02 23:50:15', -288509),
(948, 69, '2023-08-16 1:44:34', '2023-08-16 2:39:34', 643376),
(949, 24, '2020-09-13 15:03:34', '2020-09-13 16:11:34', 374861),
(950, 44, '2022-06-29 3:14:13', '2022-06-29 4:31:13', 1494329),
(951, 44, '2022-03-16 5:47:36', '2022-03-16 6:12:36', 982.9),
(952, 28, '2022-05-28 20:39:04', '2022-05-28 21:00:04', 1166),
(953, 5, '2021-01-08 5:47:52', '2021-01-08 6:40:52', 1226883),
(954, 33, '2022-05-23 16:49:04', '2022-05-23 17:10:04', -265498),
(955, 68, '2023-08-26 9:25:54', '2023-08-26 10:44:54', 1201862),
(956, 21, '2022-02-20 4:16:28', '2022-02-20 5:01:28', 536909),
(957, 20, '2021-09-01 6:10:00', '2021-09-01 7:47:00', 1569297),
(958, 8, '2023-05-30 10:30:43', '2023-05-30 11:34:43', 856920),
(959, 22, '2021-02-20 12:23:09', '2021-02-20 13:08:09', 465472),
(960, 66, '2022-09-19 8:59:29', '2022-09-19 10:15:29', 1220702),
(961, 5, '2020-10-30 5:13:36', '2020-10-30 11:58:36', 33328.7),
(962, 20, '2020-06-18 21:09:37', '2020-06-18 21:44:37', -95083),
(963, 38, '2022-07-06 7:40:16', '2022-07-06 9:26:16', 1947110),
(964, 41, '2020-08-03 20:02:44', '2020-08-03 20:46:44', 562169),
(965, 33, '2021-08-20 11:12:44', '2021-08-20 12:04:44', 5942),
(966, 9, '2024-02-08 21:31:03', '2024-02-08 21:54:03', -152944),
(967, 19, '2023-08-29 15:10:11', '2023-08-29 16:45:11', 1712656),
(968, 70, '2021-06-13 15:20:14', '2021-06-13 16:32:14', 983021),
(969, 33, '2024-04-28 8:41:18', '2024-04-28 8:55:18', 926.7),
(970, 12, '2023-07-15 12:54:28', '2023-07-15 15:55:28', 11831.6),
(971, 65, '2022-08-18 15:13:19', '2022-08-18 16:30:19', 4176),
(972, 38, '2021-04-03 1:05:15', '2021-04-03 1:16:15', -310242),
(973, 72, '2024-02-09 23:40:11', '2024-02-10 0:18:11', 208281),
(974, 52, '2022-08-01 6:50:03', '2022-08-01 8:49:03', 1656620),
(975, 20, '2020-10-01 15:38:20', '2020-10-01 16:41:20', 714171),
(976, 44, '2021-01-28 3:17:21', '2021-01-28 4:06:21', 362414),
(977, 72, '2021-09-03 22:52:00', '2021-09-03 23:13:00', -171968),
(978, 58, '2021-12-29 23:46:49', '2021-12-30 1:59:49', 10609.1),
(979, 61, '2021-09-13 18:28:34', '2021-09-13 20:02:34', 607155),
(980, 22, '2023-02-22 11:24:50', '2023-02-22 12:32:50', 688697),
(981, 69, '2020-08-05 22:00:48', '2020-08-05 22:50:48', 584541),
(982, 48, '2023-01-18 4:43:51', '2023-01-18 5:56:51', 823502),
(983, 32, '2020-06-25 20:04:31', '2020-06-25 20:58:31', 824536),
(984, 75, '2021-07-23 3:01:26', '2021-07-23 5:32:26', 10491.7),
(985, 37, '2023-10-01 23:33:38', '2023-10-02 0:01:38', 126011),
(986, 43, '2021-12-10 21:44:29', '2021-12-10 22:36:29', 348564),
(987, 73, '2021-05-23 19:36:57', '2021-05-23 20:37:57', 773099),
(988, 30, '2023-05-01 15:28:43', '2023-05-01 17:03:43', 1469615),
(989, 22, '2022-04-21 19:44:14', '2022-04-21 21:13:14', 1130824),
(990, 10, '2022-01-31 8:34:13', '2022-01-31 9:17:13', 8461),
(991, 40, '2021-09-16 13:03:33', '2021-09-16 13:40:33', 1948),
(992, 61, '2023-04-27 4:14:20', '2023-04-27 5:21:20', 198541),
(993, 58, '2020-09-16 1:47:39', '2020-09-16 1:48:39', 580),
(994, 50, '2021-02-10 21:13:24', '2021-02-10 21:35:24', 178606),
(995, 17, '2020-07-25 23:48:54', '2020-07-26 1:29:54', 1610234),
(996, 52, '2024-01-13 4:43:37', '2024-01-13 5:24:37', 499806),
(997, 10, '2023-06-10 7:47:41', '2023-06-10 9:53:41', 1611176),
(998, 16, '2022-11-05 18:49:22', '2022-11-05 19:47:22', 366552),
(999, 72, '2021-03-19 18:56:04', '2021-03-19 19:22:04', -132185),
(1000, 3, '2022-07-18 7:35:47', '2022-07-18 7:53:47', -314413),
(1001, 48, '2021-06-04 17:48:45', '2021-06-04 20:00:45', 2022746),
(1002, 56, '2023-06-26 9:34:40', '2023-06-26 10:21:40', 358791),
(1003, 34, '2022-07-18 16:28:23', '2022-07-18 20:23:23', 14144.6),
(1004, 13, '2022-12-16 23:38:41', '2022-12-17 1:29:41', 1550151),
(1005, 30, '2021-10-18 14:50:03', '2021-10-18 15:50:03', 238565),
(1006, 32, '2020-07-09 0:38:43', '2020-07-09 2:19:43', 1914693),
(1007, 8, '2024-02-24 17:37:16', '2024-02-24 17:54:16', -156901),
(1008, 70, '2023-06-01 11:13:20', '2023-06-01 12:01:20', 297187),
(1009, 26, '2022-07-01 12:43:58', '2022-07-01 13:40:58', 1176660),
(1010, 73, '2020-11-20 10:03:18', '2020-11-20 10:38:18', 409529),
(1011, 15, '2021-04-27 21:32:57', '2021-04-27 21:52:57', 972.1),
(1012, 38, '2023-08-30 21:00:11', '2023-08-30 21:51:11', 965397),
(1013, 6, '2022-03-17 8:01:29', '2022-03-17 9:21:29', 1681029),
(1014, 60, '2020-05-28 16:17:20', '2020-05-28 17:05:20', 590780),
(1015, 43, '2021-12-27 18:24:20', '2021-12-27 19:57:20', 1571730),
(1016, 18, '2022-12-29 3:42:26', '2022-12-29 6:23:26', 10082.8),
(1017, 21, '2023-12-16 17:32:58', '2023-12-16 18:16:58', 8157),
(1018, 27, '2022-06-02 13:23:21', '2022-06-02 14:33:21', 751671),
(1019, 49, '2020-12-18 9:51:12', '2020-12-18 11:06:12', 1657473),
(1020, 22, '2021-06-05 3:36:23', '2021-06-05 5:06:23', 1454398),
(1021, 2, '2022-04-03 23:23:41', '2022-04-04 1:01:41', 1650564),
(1022, 60, '2020-08-21 20:26:40', '2020-08-21 21:57:40', 1304464),
(1023, 20, '2022-12-17 6:20:29', '2022-12-17 7:34:29', 638506),
(1024, 18, '2022-03-15 4:19:23', '2022-03-15 7:07:23', 11228.4),
(1025, 1, '2022-08-18 19:19:00', '2022-08-18 20:57:00', 6366),
(1026, 28, '2021-12-24 16:53:03', '2021-12-24 18:18:03', 2263442),
(1027, 10, '2021-05-31 9:36:41', '2021-05-31 11:05:41', 1884774),
(1028, 18, '2021-05-24 22:36:08', '2021-05-25 0:24:08', 1229864),
(1029, 45, '2020-05-04 17:52:20', '2020-05-04 18:43:20', 998726),
(1030, 35, '2023-07-07 22:34:10', '2023-07-07 23:17:10', -101170),
(1031, 55, '2023-04-29 16:03:31', '2023-04-29 17:58:31', 1211936),
(1032, 26, '2022-07-31 7:40:41', '2022-07-31 8:31:41', 1139983),
(1033, 59, '2022-12-04 12:11:01', '2022-12-04 13:36:01', 1423838),
(1034, 29, '2022-12-07 3:46:14', '2022-12-07 4:31:14', 707689),
(1035, 55, '2020-09-26 0:08:13', '2020-09-26 1:38:13', 1218633),
(1036, 47, '2022-09-22 10:28:33', '2022-09-22 11:38:33', 677708),
(1037, 37, '2021-12-30 18:49:28', '2021-12-30 19:48:28', 1092563),
(1038, 66, '2020-05-05 15:13:52', '2020-05-05 15:30:52', -53841),
(1039, 7, '2022-04-08 11:27:43', '2022-04-08 15:30:43', 15445.4),
(1040, 42, '2024-02-28 8:50:26', '2024-02-28 10:12:26', 1052417),
(1041, 22, '2023-03-17 9:33:31', '2023-03-17 10:17:31', 2287),
(1042, 38, '2023-08-25 15:47:06', '2023-08-25 16:22:06', -175621),
(1043, 58, '2021-11-12 1:00:21', '2021-11-12 2:00:21', 1046269),
(1044, 48, '2023-01-06 14:26:04', '2023-01-06 15:44:04', 646298),
(1045, 70, '2021-10-11 5:42:37', '2021-10-11 6:17:37', 135688),
(1046, 15, '2020-05-30 0:52:27', '2020-05-30 5:01:27', 14311.2),
(1047, 26, '2020-12-11 13:26:07', '2020-12-11 13:49:07', -191630),
(1048, 1, '2022-01-17 8:16:39', '2022-01-17 8:31:39', 809.9),
(1049, 41, '2024-04-23 13:44:34', '2024-04-23 14:03:34', -259108),
(1050, 14, '2021-10-12 9:07:33', '2021-10-12 11:54:33', 11641),
(1051, 10, '2020-10-19 11:10:38', '2020-10-19 12:53:38', 1768322),
(1052, 10, '2022-04-25 12:05:58', '2022-04-25 12:34:58', -107593),
(1053, 2, '2020-05-15 14:14:09', '2020-05-15 14:45:09', -195221),
(1054, 53, '2021-03-22 23:52:20', '2021-03-23 0:36:20', 173551),
(1055, 25, '2023-12-01 20:35:44', '2023-12-01 22:08:44', 1104555),
(1056, 16, '2024-01-03 0:44:39', '2024-01-03 1:34:39', 237288),
(1057, 27, '2023-02-18 1:52:09', '2023-02-18 3:15:09', 1321904),
(1058, 26, '2022-01-15 14:43:37', '2022-01-15 16:29:37', 5886),
(1059, 66, '2023-02-28 14:00:32', '2023-02-28 14:25:32', -6786),
(1060, 49, '2021-04-29 0:17:33', '2021-04-29 1:12:33', 559705),
(1061, 51, '2022-05-15 20:00:20', '2022-05-15 21:46:20', 1654337),
(1062, 30, '2023-04-23 2:46:37', '2023-04-23 4:06:37', 962872),
(1063, 2, '2020-12-19 16:20:14', '2020-12-19 17:14:14', 205481),
(1064, 5, '2024-01-23 17:22:45', '2024-01-23 18:54:45', 1300020),
(1065, 14, '2024-01-09 4:10:20', '2024-01-09 4:41:20', 891.4),
(1066, 64, '2021-05-06 14:09:40', '2021-05-06 14:54:40', -20331),
(1067, 2, '2023-07-26 19:40:40', '2023-07-26 23:15:40', 13514.5),
(1068, 51, '2022-03-06 1:00:49', '2022-03-06 2:14:49', 3807),
(1069, 41, '2020-12-15 1:17:12', '2020-12-15 2:34:12', 1134445),
(1070, 11, '2022-08-08 20:06:50', '2022-08-08 20:31:50', -147070),
(1071, 46, '2020-11-25 2:50:35', '2020-11-25 3:44:35', 512893),
(1072, 53, '2024-02-21 9:21:27', '2024-02-21 9:35:27', 745.5),
(1073, 15, '2023-04-01 9:25:11', '2023-04-01 10:41:11', 3702),
(1074, 47, '2022-11-26 1:04:31', '2022-11-26 1:55:31', 240544),
(1075, 38, '2023-05-08 23:02:29', '2023-05-09 2:39:29', 14647.1),
(1076, 44, '2021-01-13 11:44:13', '2021-01-13 12:05:13', -194978),
(1077, 13, '2024-03-03 18:14:10', '2024-03-03 18:39:10', -289271),
(1078, 51, '2023-07-22 23:15:32', '2023-07-23 0:30:32', 410320),
(1079, 20, '2021-10-11 21:09:42', '2021-10-11 22:14:42', 210960),
(1080, 47, '2020-06-19 16:00:04', '2020-06-19 18:17:04', 1559009),
(1081, 24, '2021-05-02 11:48:15', '2021-05-02 12:43:15', 765794),
(1082, 55, '2020-06-12 16:43:16', '2020-06-12 17:34:16', 102483),
(1083, 13, '2021-05-11 4:29:37', '2021-05-11 5:54:37', 2430903),
(1084, 37, '2022-07-23 19:20:46', '2022-07-23 20:38:46', 1233639),
(1085, 32, '2020-07-16 6:37:44', '2020-07-16 7:26:44', 787465),
(1086, 15, '2021-10-15 1:42:14', '2021-10-15 3:36:14', 1799430),
(1087, 50, '2023-09-09 15:27:06', '2023-09-09 15:40:06', 961.3),
(1088, 21, '2022-02-19 15:54:01', '2022-02-19 17:06:01', 1251382),
(1089, 53, '2020-12-12 8:06:18', '2020-12-12 10:26:18', 2689342),
(1090, 64, '2022-09-19 0:05:59', '2022-09-19 0:50:59', 772610),
(1091, 69, '2020-10-06 12:57:49', '2020-10-06 14:02:49', 878653),
(1092, 33, '2023-09-19 7:31:07', '2023-09-19 9:10:07', 1581257),
(1093, 46, '2023-06-11 2:19:51', '2023-06-11 3:22:51', 1328935),
(1094, 43, '2022-08-16 11:39:13', '2022-08-16 12:47:13', 1397540),
(1095, 12, '2020-05-07 0:11:32', '2020-05-07 1:29:32', 1912928),
(1096, 9, '2022-08-22 21:51:21', '2022-08-22 22:41:21', 736786),
(1097, 51, '2023-08-08 15:45:38', '2023-08-08 16:36:38', 588101),
(1098, 65, '2021-10-13 7:09:33', '2021-10-13 9:09:33', 2086784),
(1099, 23, '2023-08-13 6:02:07', '2023-08-13 8:01:07', 2867580),
(1100, 22, '2022-11-01 16:04:12', '2022-11-01 16:39:12', 264619),
(1101, 57, '2023-08-31 1:06:09', '2023-08-31 1:34:09', -70824),
(1102, 10, '2022-12-24 22:12:52', '2022-12-24 22:41:52', -10804),
(1103, 14, '2022-07-25 4:37:19', '2022-07-25 5:58:19', 399456),
(1104, 58, '2024-03-24 20:34:01', '2024-03-24 23:34:01', 13833.3),
(1105, 63, '2021-05-08 1:08:19', '2021-05-08 1:49:19', 486505),
(1106, 24, '2024-01-01 1:44:35', '2024-01-01 2:22:35', 3312),
(1107, 13, '2022-02-16 13:09:56', '2022-02-16 14:53:56', 1316001),
(1108, 53, '2020-05-25 19:32:40', '2020-05-25 20:48:40', 506288),
(1109, 18, '2022-11-09 4:00:40', '2022-11-09 4:55:40', 582684),
(1110, 28, '2023-07-19 9:09:08', '2023-07-19 12:07:08', 11820.1),
(1111, 72, '2021-07-13 14:45:26', '2021-07-13 14:57:26', 1005),
(1112, 30, '2021-05-13 17:53:32', '2021-05-13 19:35:32', 1386523),
(1113, 47, '2020-05-24 20:08:37', '2020-05-24 21:45:37', 1358429),
(1114, 65, '2020-06-28 13:20:48', '2020-06-28 15:13:48', 1755903),
(1115, 12, '2022-09-02 12:59:28', '2022-09-02 14:27:28', 811357),
(1116, 22, '2022-11-19 18:38:08', '2022-11-19 20:27:08', 1796112),
(1117, 74, '2021-02-20 13:03:48', '2021-02-20 14:31:48', 1772310),
(1118, 54, '2022-09-12 4:58:54', '2022-09-12 5:17:54', 72107),
(1119, 63, '2022-07-02 11:24:21', '2022-07-02 12:03:21', 275395),
(1120, 32, '2022-03-20 3:14:58', '2022-03-20 6:36:58', 16021.1),
(1121, 18, '2020-09-27 20:50:18', '2020-09-27 22:04:18', 1000918),
(1122, 22, '2023-02-23 21:57:37', '2023-02-23 23:08:37', 3158),
(1123, 30, '2023-04-01 1:14:14', '2023-04-01 1:23:14', -285467),
(1124, 48, '2021-04-06 2:22:44', '2021-04-06 3:04:44', 117761),
(1125, 35, '2020-09-21 2:49:49', '2020-09-21 3:40:49', 2860),
(1126, 19, '2023-04-02 3:06:49', '2023-04-02 4:07:49', 608981),
(1127, 17, '2023-09-10 9:30:20', '2023-09-10 10:13:20', 265288),
(1128, 15, '2021-11-12 6:45:44', '2021-11-12 7:19:44', -11320),
(1129, 56, '2023-05-27 5:41:44', '2023-05-27 6:25:44', 686383),
(1130, 60, '2021-02-26 3:18:21', '2021-02-26 5:45:21', 2894396),
(1131, 4, '2020-11-14 1:32:28', '2020-11-14 1:49:28', -202982),
(1132, 72, '2023-02-01 13:57:14', '2023-02-01 14:31:14', 101995),
(1133, 53, '2022-09-09 18:48:59', '2022-09-09 19:50:59', 850346),
(1134, 31, '2021-03-13 12:48:16', '2021-03-13 13:22:16', 205085),
(1135, 13, '2020-12-02 14:46:16', '2020-12-02 15:31:16', 439143),
(1136, 23, '2022-04-23 4:50:25', '2022-04-23 5:49:25', 575379),
(1137, 19, '2023-01-16 0:57:52', '2023-01-16 1:53:52', 451532),
(1138, 3, '2024-03-30 19:37:36', '2024-03-30 20:42:36', 501267),
(1139, 38, '2022-01-28 5:26:12', '2022-01-28 6:44:12', 3326),
(1140, 6, '2021-10-06 13:49:37', '2021-10-06 14:21:37', 51227),
(1141, 7, '2020-06-16 8:15:58', '2020-06-16 9:06:58', 529055),
(1142, 68, '2023-08-07 18:53:47', '2023-08-07 20:01:47', 4754),
(1143, 36, '2023-06-20 4:41:51', '2023-06-20 7:37:51', 12912.1),
(1144, 1, '2022-08-17 8:13:33', '2022-08-17 8:46:33', 164086),
(1145, 7, '2023-01-13 5:45:55', '2023-01-13 6:15:55', 812.9),
(1146, 18, '2024-04-07 13:48:27', '2024-04-07 14:27:27', -192694),
(1147, 41, '2022-05-31 6:58:24', '2022-05-31 7:38:24', 2587),
(1148, 39, '2023-01-25 10:28:53', '2023-01-25 11:33:53', 4462),
(1149, 25, '2022-09-28 23:21:04', '2022-09-29 7:25:04', 37747.8),
(1150, 51, '2022-05-19 22:54:58', '2022-05-19 23:30:58', 271802),
(1151, 33, '2020-10-30 2:26:47', '2020-10-30 3:15:47', 645080),
(1152, 29, '2021-11-14 11:02:05', '2021-11-14 11:16:05', 564.4),
(1153, 18, '2021-07-15 17:36:12', '2021-07-15 18:51:12', 2205882),
(1154, 69, '2020-07-05 13:32:38', '2020-07-05 16:42:38', 12489.9),
(1155, 62, '2021-06-23 15:08:55', '2021-06-23 17:03:55', 10774),
(1156, 31, '2022-12-21 11:30:19', '2022-12-21 12:34:19', 842647),
(1157, 8, '2021-02-01 13:55:42', '2021-02-01 14:17:42', -239903),
(1158, 45, '2022-12-20 23:36:24', '2022-12-21 1:35:24', 1837353),
(1159, 34, '2022-09-03 6:56:36', '2022-09-03 7:18:36', -212173),
(1160, 48, '2022-05-20 21:55:18', '2022-05-20 22:39:18', 67724),
(1161, 59, '2021-06-18 20:44:40', '2021-06-18 23:21:40', 11212.9),
(1162, 46, '2023-10-01 9:17:14', '2023-10-01 9:54:14', 320928),
(1163, 51, '2023-05-21 0:34:54', '2023-05-21 1:10:54', -29948),
(1164, 71, '2023-05-30 18:42:30', '2023-05-30 19:18:30', 256068),
(1165, 50, '2024-01-02 22:41:07', '2024-01-02 23:09:07', -277552),
(1166, 57, '2022-03-03 9:12:17', '2022-03-03 11:08:17', 1827341),
(1167, 67, '2024-03-02 21:19:52', '2024-03-02 22:20:52', 252385),
(1168, 56, '2020-08-29 4:35:18', '2020-08-29 5:42:18', 266323),
(1169, 5, '2022-12-28 2:30:47', '2022-12-28 3:59:47', 1187221),
(1170, 57, '2020-11-10 8:39:17', '2020-11-10 9:57:17', 1105469),
(1171, 36, '2021-11-09 0:01:58', '2021-11-09 1:14:58', 827642),
(1172, 54, '2020-12-09 20:16:47', '2020-12-09 21:01:47', 643011),
(1173, 63, '2023-06-24 15:18:27', '2023-06-24 16:23:27', 984817),
(1174, 23, '2021-07-08 12:03:54', '2021-07-08 12:41:54', 225965),
(1175, 36, '2024-04-01 22:56:59', '2024-04-02 0:19:59', 1360043),
(1176, 5, '2022-04-01 19:23:31', '2022-04-01 20:54:31', 1189017),
(1177, 45, '2024-04-03 10:24:33', '2024-04-03 11:01:33', -150234),
(1178, 73, '2020-05-26 9:16:46', '2020-05-26 10:04:46', 147253),
(1179, 5, '2021-04-23 11:52:20', '2021-04-23 12:59:20', 953709),
(1180, 67, '2021-01-18 11:59:22', '2021-01-18 12:48:22', 411811),
(1181, 35, '2021-11-25 2:13:16', '2021-11-25 2:38:16', -211049),
(1182, 35, '2021-12-07 16:54:17', '2021-12-07 17:19:17', -132096),
(1183, 10, '2022-07-14 7:27:28', '2022-07-14 8:12:28', 671377),
(1184, 70, '2022-03-25 1:04:08', '2022-03-25 2:47:08', 4532),
(1185, 6, '2022-02-03 3:33:23', '2022-02-03 5:24:23', 1582353),
(1186, 71, '2020-09-05 12:11:39', '2020-09-05 12:58:39', 325553),
(1187, 3, '2021-08-24 2:44:17', '2021-08-24 3:23:17', 108845),
(1188, 73, '2022-07-11 9:14:08', '2022-07-11 9:58:08', 244715),
(1189, 20, '2020-05-18 22:56:06', '2020-05-19 0:13:06', 5206),
(1190, 48, '2020-11-04 14:46:10', '2020-11-04 15:15:10', 86320),
(1191, 49, '2023-08-22 11:09:39', '2023-08-22 11:40:39', 110729),
(1192, 12, '2020-07-31 17:20:31', '2020-07-31 18:03:31', 562872),
(1193, 24, '2022-10-14 5:26:58', '2022-10-14 6:53:58', 1359313),
(1194, 20, '2022-09-21 12:43:28', '2022-09-21 13:58:28', 941323),
(1195, 27, '2022-06-15 11:00:41', '2022-06-15 12:21:41', 905650),
(1196, 20, '2020-09-26 19:48:59', '2020-09-26 21:12:59', 1285321),
(1197, 1, '2020-11-07 19:32:35', '2020-11-07 20:46:35', 1214465),
(1198, 25, '2023-05-24 21:59:41', '2023-05-24 23:28:41', 1582353),
(1199, 26, '2022-02-02 10:45:06', '2022-02-02 13:08:06', 13051.7),
(1200, 25, '2023-08-15 13:51:37', '2023-08-15 15:32:37', 2755269),
(1201, 70, '2023-02-27 22:28:00', '2023-02-28 0:09:00', 1279902),
(1202, 32, '2022-06-10 14:21:48', '2022-06-10 14:40:48', 34516),
(1203, 41, '2022-05-07 6:50:48', '2022-05-07 8:46:48', 2029014),
(1204, 47, '2024-01-24 0:35:13', '2024-01-24 1:20:13', 167403),
(1205, 66, '2023-08-21 20:26:47', '2023-08-21 21:37:47', 627579),
(1206, 39, '2021-03-12 17:25:18', '2021-03-12 17:39:18', 916.6),
(1207, 2, '2021-09-29 15:44:59', '2021-09-29 16:49:59', 465321),
(1208, 4, '2023-06-21 18:23:48', '2023-06-21 20:11:48', 888026),
(1209, 14, '2022-11-17 3:57:19', '2022-11-17 5:16:19', 884132),
(1210, 51, '2023-11-16 20:40:39', '2023-11-16 21:23:39', 524156),
(1211, 8, '2023-10-09 19:24:05', '2023-10-09 21:24:05', 11979.9),
(1212, 66, '2021-09-22 10:24:53', '2021-09-22 11:35:53', 852478),
(1213, 31, '2023-04-11 23:15:06', '2023-04-11 23:54:06', 263888),
(1214, 29, '2021-08-31 8:05:44', '2021-08-31 8:25:44', -236158),
(1215, 25, '2022-03-31 10:42:48', '2022-03-31 11:55:48', 667116),
(1216, 15, '2023-12-15 11:10:33', '2023-12-15 12:03:33', 85104),
(1217, 71, '2021-04-08 7:20:38', '2021-04-08 8:48:38', 9250),
(1218, 66, '2024-04-23 1:26:55', '2024-04-23 2:46:55', 810322),
(1219, 73, '2023-07-09 21:17:02', '2023-07-09 21:33:02', 814.6),
(1220, 42, '2023-01-14 11:52:41', '2023-01-14 12:58:41', 854455),
(1221, 6, '2023-03-17 22:00:13', '2023-03-18 6:29:13', 40523.4),
(1222, 48, '2023-01-13 22:42:19', '2023-01-13 23:57:19', 867178),
(1223, 43, '2023-12-23 14:00:40', '2023-12-23 15:03:40', 1092259),
(1224, 39, '2024-01-01 7:37:54', '2024-01-01 7:57:54', -232414),
(1225, 19, '2020-07-19 10:03:51', '2020-07-19 10:55:51', 1024931),
(1226, 44, '2024-02-13 16:59:11', '2024-02-13 17:41:11', -31409),
(1227, 59, '2023-09-11 8:00:49', '2023-09-11 8:24:49', -273687),
(1228, 56, '2022-01-25 16:19:08', '2022-01-25 18:02:08', 1146133),
(1229, 23, '2021-01-24 3:52:05', '2021-01-24 4:11:05', -97701),
(1230, 49, '2021-05-05 9:59:10', '2021-05-05 11:27:10', 10257.9),
(1231, 34, '2023-08-17 6:34:23', '2023-08-17 7:41:23', 409439),
(1232, 26, '2020-09-22 2:22:29', '2020-09-22 4:04:29', 1766892),
(1233, 71, '2022-01-04 9:36:02', '2022-01-04 11:00:02', 1244808),
(1234, 40, '2021-07-21 10:54:16', '2021-07-21 12:32:16', 1840306),
(1235, 59, '2021-01-01 11:09:32', '2021-01-01 12:43:32', 7304),
(1236, 52, '2022-05-17 22:33:40', '2022-05-17 23:31:40', 417140),
(1237, 11, '2024-04-15 8:05:13', '2024-04-15 9:15:13', 846877),
(1238, 4, '2024-01-13 6:57:04', '2024-01-13 7:24:04', 929.4),
(1239, 2, '2021-01-05 11:12:20', '2021-01-05 11:50:20', 491374),
(1240, 47, '2023-01-08 23:23:24', '2023-01-09 0:17:24', 1774),
(1241, 30, '2022-11-17 20:57:53', '2022-11-17 21:31:53', -276275),
(1242, 4, '2024-02-05 3:47:03', '2024-02-05 3:59:03', -270977),
(1243, 50, '2022-02-08 6:22:35', '2022-02-08 7:07:35', 2468),
(1244, 69, '2021-08-11 10:08:04', '2021-08-11 12:17:04', 6924),
(1245, 23, '2023-02-07 15:00:38', '2023-02-07 15:30:38', -316938),
(1246, 67, '2024-03-08 16:17:46', '2024-03-08 17:38:46', 1236865),
(1247, 18, '2024-03-22 21:00:27', '2024-03-22 22:48:27', 1797392),
(1248, 22, '2022-11-25 17:03:20', '2022-11-25 17:33:20', 1989),
(1249, 47, '2022-04-14 17:12:42', '2022-04-14 17:33:42', -254513),
(1250, 75, '2020-10-19 2:04:09', '2020-10-19 3:24:09', 1315330),
(1251, 70, '2021-04-01 18:05:42', '2021-04-01 19:59:42', 1787315),
(1252, 14, '2020-09-14 10:30:12', '2020-09-14 12:16:12', 2171824),
(1253, 71, '2021-04-13 3:29:49', '2021-04-13 3:54:49', -183502),
(1254, 51, '2022-02-18 22:35:18', '2022-02-19 1:11:18', 10799.7),
(1255, 29, '2022-03-10 16:11:16', '2022-03-10 17:26:16', 987799),
(1256, 8, '2023-10-15 12:00:40', '2023-10-15 12:19:40', -255637),
(1257, 45, '2023-01-25 11:22:22', '2023-01-25 11:50:22', -322629),
(1258, 60, '2021-05-14 9:57:27', '2021-05-14 12:00:27', 1785154),
(1259, 22, '2023-04-06 19:30:47', '2023-04-06 20:17:47', 116514),
(1260, 70, '2024-02-24 19:29:01', '2024-02-24 21:25:01', 1577909),
(1261, 71, '2021-03-23 5:35:11', '2021-03-23 6:50:11', 1187648),
(1262, 58, '2020-12-21 6:48:57', '2020-12-21 7:36:57', 619697),
(1263, 3, '2021-09-01 9:23:58', '2021-09-01 10:47:58', 1426486),
(1264, 19, '2024-03-02 9:12:32', '2024-03-02 10:28:32', 595378),
(1265, 35, '2022-04-07 22:18:36', '2022-04-07 23:27:36', 639754),
(1266, 35, '2022-05-29 6:43:25', '2022-05-29 8:06:25', 2214863),
(1267, 30, '2021-08-06 5:36:57', '2021-08-06 5:54:57', -307442),
(1268, 74, '2024-02-06 11:17:23', '2024-02-06 12:31:23', 695940),
(1269, 51, '2023-02-16 8:08:49', '2023-02-16 9:56:49', 2057564),
(1270, 56, '2021-08-04 20:43:25', '2021-08-04 22:28:25', 735355),
(1271, 64, '2022-11-01 20:09:10', '2022-11-01 21:46:10', 4972),
(1272, 66, '2021-07-18 22:16:33', '2021-07-18 23:21:33', 549204),
(1273, 56, '2022-12-05 22:13:55', '2022-12-05 23:14:55', 896123),
(1274, 40, '2021-09-03 21:49:14', '2021-09-03 22:10:14', -143388),
(1275, 38, '2023-05-26 16:34:29', '2023-05-26 17:21:29', 636255),
(1276, 9, '2023-10-01 16:03:19', '2023-10-01 16:33:19', -250158),
(1277, 40, '2020-11-10 15:44:20', '2020-11-10 15:55:20', 824.4),
(1278, 67, '2020-07-30 10:19:00', '2020-07-30 11:42:00', 2409993),
(1279, 11, '2024-03-15 14:40:43', '2024-03-15 15:59:43', 773706),
(1280, 46, '2022-03-18 1:02:33', '2022-03-18 2:33:33', 1542452),
(1281, 23, '2020-12-06 15:30:42', '2020-12-06 16:29:42', 5016),
(1282, 71, '2021-09-17 8:27:41', '2021-09-17 9:36:41', 826727),
(1283, 10, '2020-08-22 14:01:25', '2020-08-22 16:55:25', 11594.5),
(1284, 14, '2023-01-17 9:19:52', '2023-01-17 10:47:52', 1483311),
(1285, 30, '2021-12-27 9:47:46', '2021-12-27 11:18:46', 813548),
(1286, 13, '2024-02-07 0:45:14', '2024-02-07 2:28:14', 1366253),
(1287, 27, '2022-07-13 1:46:35', '2022-07-13 3:13:35', 4927),
(1288, 73, '2022-01-20 3:36:44', '2022-01-20 4:55:44', 4422),
(1289, 2, '2023-06-25 7:09:05', '2023-06-25 7:23:05', -80991),
(1290, 68, '2022-03-16 5:28:20', '2022-03-16 6:09:20', 145216),
(1291, 75, '2023-08-31 7:28:33', '2023-08-31 8:17:33', 187492),
(1292, 50, '2021-12-03 6:39:45', '2021-12-03 7:45:45', 871836),
(1293, 61, '2020-08-15 21:43:30', '2020-08-15 22:07:30', -235732),
(1294, 33, '2021-06-05 21:20:43', '2021-06-05 22:38:43', 954562),
(1295, 28, '2021-05-29 9:36:17', '2021-05-29 10:50:17', 605452),
(1296, 48, '2021-02-02 14:36:57', '2021-02-02 15:14:57', 322601),
(1297, 34, '2022-07-02 23:01:58', '2022-07-02 23:44:58', 728508),
(1298, 14, '2023-03-23 20:13:04', '2023-03-23 21:51:04', 1786768),
(1299, 63, '2020-06-26 5:48:35', '2020-06-26 7:48:35', 1901819),
(1300, 16, '2020-07-10 13:58:19', '2020-07-10 14:21:19', -243736),
(1301, 74, '2023-05-14 17:51:33', '2023-05-14 18:56:33', 3575),
(1302, 45, '2020-11-11 19:09:21', '2020-11-11 19:37:21', 79015),
(1303, 29, '2020-07-09 12:21:56', '2020-07-09 12:39:56', -148105),
(1304, 41, '2021-06-18 20:19:20', '2021-06-18 20:33:20', 962.9),
(1305, 70, '2023-11-26 2:21:13', '2023-11-26 2:56:13', 202347),
(1306, 24, '2021-11-24 5:22:12', '2021-11-24 8:05:12', 2855315),
(1307, 4, '2023-02-01 7:37:12', '2023-02-01 9:56:12', 2888155),
(1308, 64, '2023-04-03 20:37:01', '2023-04-03 21:12:01', 484404),
(1309, 18, '2023-02-27 0:07:59', '2023-02-27 0:46:59', 110486),
(1310, 63, '2021-04-20 18:58:24', '2021-04-20 20:38:24', 994192),
(1311, 21, '2022-10-09 16:52:14', '2022-10-09 17:20:14', -90092),
(1312, 1, '2023-09-21 21:10:55', '2023-09-21 23:13:55', 1686692),
(1313, 72, '2022-08-26 14:54:08', '2022-08-26 15:50:08', 737273),
(1314, 16, '2020-07-13 16:18:25', '2020-07-13 16:49:25', 1774),
(1315, 19, '2023-08-12 14:28:27', '2023-08-12 15:01:27', 770907),
(1316, 44, '2023-09-02 9:41:16', '2023-09-02 10:53:16', 823502),
(1317, 33, '2023-10-28 22:47:15', '2023-10-29 0:10:15', 1023562),
(1318, 21, '2023-02-01 16:18:13', '2023-02-01 17:10:13', 265380),
(1319, 46, '2021-05-15 23:08:19', '2021-05-15 23:56:19', 657651),
(1320, 52, '2020-06-15 2:44:03', '2020-06-15 3:20:03', 228310),
(1321, 13, '2024-01-25 15:40:10', '2024-01-25 16:08:10', -105522),
(1322, 35, '2023-06-12 19:58:38', '2023-06-12 20:24:38', -164206),
(1323, 16, '2020-11-04 0:13:20', '2020-11-04 2:33:20', 2271292),
(1324, 73, '2023-03-16 20:34:15', '2023-03-16 21:18:15', 435584),
(1325, 1, '2021-11-29 12:40:41', '2021-11-29 13:10:41', 25082),
(1326, 5, '2023-02-13 9:26:49', '2023-02-13 11:09:49', 692380),
(1327, 45, '2021-04-30 19:35:36', '2021-04-30 20:03:36', 388467),
(1328, 71, '2023-09-26 23:02:45', '2023-09-26 23:29:45', 197049),
(1329, 7, '2024-02-10 3:45:15', '2024-02-10 4:03:15', 7703),
(1330, 58, '2022-09-03 7:33:39', '2022-09-03 9:16:39', 1615194),
(1331, 42, '2021-04-27 11:09:17', '2021-04-27 12:33:17', 1114874),
(1332, 18, '2023-11-20 17:09:00', '2023-11-20 18:05:00', 395925),
(1333, 70, '2022-05-01 16:25:40', '2022-05-01 17:45:40', 1715943),
(1334, 72, '2023-04-05 10:55:11', '2023-04-05 11:45:11', 296699),
(1335, 26, '2020-12-08 6:57:38', '2020-12-08 8:49:38', 1420916),
(1336, 25, '2020-07-06 0:22:08', '2020-07-06 1:43:08', 743025),
(1337, 34, '2022-05-23 19:14:48', '2022-05-23 21:19:48', 2074245),
(1338, 49, '2022-06-03 6:20:05', '2022-06-03 7:38:05', 1201862),
(1339, 21, '2020-10-22 16:25:51', '2020-10-22 17:14:51', 123574),
(1340, 38, '2020-12-31 21:36:31', '2020-12-31 23:13:31', 1852178),
(1341, 39, '2022-10-16 23:30:18', '2022-10-17 1:42:18', 2701152),
(1342, 67, '2022-08-07 6:58:20', '2022-08-07 8:18:20', 1281058),
(1343, 20, '2024-01-06 0:59:43', '2024-01-06 1:55:43', 1041764),
(1344, 10, '2021-03-20 15:32:35', '2021-03-20 16:25:35', 806123),
(1345, 46, '2024-02-02 11:25:54', '2024-02-02 12:25:54', 592456),
(1346, 61, '2020-12-30 3:10:07', '2020-12-30 4:24:07', 1080875),
(1347, 26, '2022-10-17 6:09:49', '2022-10-17 6:56:49', 386488),
(1348, 62, '2023-08-06 12:22:44', '2023-08-06 13:04:44', 58593),
(1349, 19, '2023-07-08 11:22:03', '2023-07-08 12:03:03', 125889),
(1350, 24, '2022-05-26 4:24:05', '2022-05-26 5:29:05', 639967),
(1351, 67, '2021-11-05 10:36:19', '2021-11-05 11:51:19', 1318739),
(1352, 35, '2020-07-02 8:50:06', '2020-07-02 9:10:06', -302603),
(1353, 65, '2023-10-10 17:27:44', '2023-10-10 17:51:44', -190289),
(1354, 21, '2021-08-05 18:31:53', '2021-08-05 19:36:53', 919012),
(1355, 18, '2020-10-03 22:26:08', '2020-10-03 23:49:08', 1162812),
(1356, 22, '2022-02-26 8:45:49', '2022-02-26 9:32:49', 220121),
(1357, 10, '2021-11-16 19:12:01', '2021-11-16 19:55:01', 42005),
(1358, 54, '2023-10-26 18:33:11', '2023-10-26 19:39:11', 856708),
(1359, 26, '2023-08-02 6:04:53', '2023-08-02 7:10:53', 651261),
(1360, 13, '2024-03-29 23:02:51', '2024-03-30 1:03:51', 1778914),
(1361, 8, '2022-02-07 18:16:18', '2022-02-07 18:26:18', 777.1),
(1362, 26, '2022-01-30 7:09:48', '2022-01-30 7:56:48', 312893),
(1363, 70, '2023-09-20 18:27:53', '2023-09-20 19:17:53', 501328),
(1364, 44, '2022-10-30 23:48:29', '2022-10-31 1:07:29', 848946),
(1365, 33, '2022-08-01 16:13:03', '2022-08-01 16:16:03', 37377),
(1366, 52, '2022-10-19 15:46:54', '2022-10-19 17:22:54', 1331370),
(1367, 75, '2022-08-07 17:57:59', '2022-08-07 19:24:59', 1244169),
(1368, 63, '2020-09-24 12:18:54', '2020-09-24 12:54:54', 283855),
(1369, 38, '2020-06-18 17:35:20', '2020-06-18 19:38:20', 1732378),
(1370, 30, '2021-10-15 17:25:01', '2021-10-15 18:22:01', 355018),
(1371, 4, '2023-01-03 14:10:15', '2023-01-03 15:18:15', 1001010),
(1372, 67, '2023-05-10 15:04:49', '2023-05-10 18:33:49', 12866),
(1373, 61, '2024-04-01 18:38:44', '2024-04-01 20:01:44', 816928),
(1374, 8, '2020-09-27 4:13:57', '2020-09-27 4:39:57', -162653),
(1375, 43, '2020-12-13 17:31:09', '2020-12-13 18:01:09', 100110),
(1376, 15, '2023-12-28 20:51:38', '2023-12-28 21:40:38', 3249),
(1377, 43, '2023-02-10 21:45:04', '2023-02-11 0:55:04', 12817.6),
(1378, 30, '2021-07-31 11:09:18', '2021-07-31 12:01:18', 261759),
(1379, 42, '2021-04-30 2:35:05', '2021-04-30 4:03:05', 1651749),
(1380, 34, '2022-04-14 16:14:44', '2022-04-14 16:49:44', 3279),
(1381, 74, '2020-09-20 23:34:36', '2020-09-20 23:50:36', 966.3),
(1382, 5, '2023-02-28 13:09:18', '2023-02-28 14:29:18', 1016107),
(1383, 25, '2022-11-11 15:38:36', '2022-11-11 16:35:36', 595378),
(1384, 66, '2021-07-29 0:54:47', '2021-07-29 1:15:47', 1494),
(1385, 7, '2020-06-11 10:33:11', '2020-06-11 11:19:11', 206850),
(1386, 29, '2024-01-20 18:04:21', '2024-01-20 18:28:21', -313011),
(1387, 10, '2023-11-13 7:12:29', '2023-11-13 8:01:29', 471285),
(1388, 58, '2021-04-22 1:57:38', '2021-04-22 2:23:38', -217592),
(1389, 18, '2022-03-03 21:02:49', '2022-03-03 21:26:49', -73291),
(1390, 12, '2022-04-08 13:06:58', '2022-04-08 14:49:58', 1759799),
(1391, 26, '2022-12-28 16:46:03', '2022-12-28 17:05:03', -86866),
(1392, 75, '2022-07-21 7:01:04', '2022-07-21 7:31:04', 531611),
(1393, 12, '2020-05-16 12:38:33', '2020-05-16 15:48:33', 13942.5),
(1394, 40, '2024-04-14 2:51:21', '2024-04-14 5:29:21', 10898.5),
(1395, 38, '2023-09-14 22:50:43', '2023-09-15 0:23:43', 2517619),
(1396, 12, '2020-07-10 5:00:25', '2020-07-10 5:46:25', 516486),
(1397, 49, '2023-07-28 3:02:36', '2023-07-28 4:08:36', 841336),
(1398, 20, '2020-09-30 13:46:40', '2020-09-30 14:23:40', 423377),
(1399, 7, '2022-07-08 15:16:25', '2022-07-08 16:36:25', 1256833),
(1400, 7, '2023-06-27 10:19:54', '2023-06-27 11:31:54', 788681),
(1401, 25, '2021-07-18 17:21:15', '2021-07-18 19:56:15', 14478.8),
(1402, 44, '2020-06-26 9:43:18', '2020-06-26 10:57:18', 1149479),
(1403, 21, '2021-07-03 15:19:30', '2021-07-03 16:02:30', 513684),
(1404, 51, '2020-08-16 19:45:09', '2020-08-16 20:45:09', 599911),
(1405, 11, '2021-02-26 13:19:01', '2021-02-26 14:41:01', 1051625),
(1406, 72, '2021-07-02 2:07:44', '2021-07-02 2:25:44', 666.2),
(1407, 20, '2022-03-25 14:48:09', '2022-03-25 16:26:09', 1201681),
(1408, 37, '2023-09-24 11:25:17', '2023-09-24 13:11:17', 1580892),
(1409, 14, '2023-06-05 6:39:02', '2023-06-05 7:08:02', 164420),
(1410, 2, '2024-02-11 13:18:58', '2024-02-11 14:31:58', 1228556),
(1411, 14, '2021-08-21 15:28:45', '2021-08-21 16:38:45', 4424),
(1412, 12, '2023-01-13 0:33:41', '2023-01-13 2:05:41', 1244108),
(1413, 54, '2021-03-07 16:06:11', '2021-03-07 16:47:11', 154924),
(1414, 59, '2022-02-18 10:31:26', '2022-02-18 12:05:26', 656099),
(1415, 7, '2023-04-12 15:24:19', '2023-04-12 15:40:19', 928.8),
(1416, 60, '2023-04-17 21:56:57', '2023-04-17 23:06:57', 995347),
(1417, 9, '2021-04-07 4:55:43', '2021-04-07 6:51:43', 1965950),
(1418, 52, '2023-02-14 10:31:36', '2023-02-14 11:37:36', 1089733),
(1419, 58, '2022-05-28 3:05:35', '2022-05-28 3:49:35', 234700),
(1420, 71, '2021-05-25 17:19:55', '2021-05-25 18:29:55', 512468),
(1421, 18, '2023-05-31 23:53:40', '2023-06-01 0:22:40', -190411),
(1422, 54, '2022-09-04 11:32:10', '2022-09-04 12:20:10', 199545),
(1423, 43, '2023-05-06 7:07:01', '2023-05-06 8:48:01', 1337975),
(1424, 43, '2020-07-20 23:12:43', '2020-07-20 23:57:43', 319255),
(1425, 20, '2021-04-17 15:13:35', '2021-04-17 16:01:35', 658990),
(1426, 4, '2020-05-27 12:43:26', '2020-05-27 13:35:26', 86777),
(1427, 13, '2022-07-19 2:20:21', '2022-07-19 4:04:21', 1653486),
(1428, 49, '2023-11-16 7:35:29', '2023-11-16 7:53:29', 736.3),
(1429, 1, '2020-07-16 18:58:13', '2020-07-16 19:48:13', -157174),
(1430, 75, '2024-01-26 20:30:44', '2024-01-26 21:04:44', 4177),
(1431, 1, '2021-01-21 21:58:54', '2021-01-21 23:09:54', 509241),
(1432, 32, '2021-01-26 7:07:25', '2021-01-26 7:50:25', 2656),
(1433, 28, '2021-05-13 6:25:37', '2021-05-13 7:30:37', 913594),
(1434, 58, '2023-09-08 22:51:52', '2023-09-08 23:39:52', 517763),
(1435, 37, '2023-09-05 13:19:44', '2023-09-05 13:43:44', -119373),
(1436, 51, '2023-02-18 6:01:51', '2023-02-18 7:11:51', 1324826),
(1437, 75, '2023-12-24 22:02:24', '2023-12-24 23:11:24', 146250),
(1438, 65, '2023-04-20 20:16:10', '2023-04-20 21:06:10', 263766),
(1439, 68, '2020-08-04 14:33:07', '2020-08-04 15:31:07', 828889),
(1440, 36, '2020-05-16 3:39:30', '2020-05-16 3:59:30', 895.4),
(1441, 74, '2024-03-18 9:58:06', '2024-03-18 11:36:06', 2716492),
(1442, 38, '2022-10-29 6:16:53', '2022-10-29 6:55:53', -97062),
(1443, 35, '2022-12-30 7:06:23', '2022-12-30 8:31:23', 1219425),
(1444, 56, '2021-02-25 7:57:07', '2021-02-25 9:19:07', 986765),
(1445, 35, '2023-08-12 4:49:36', '2023-08-12 5:50:36', 671408),
(1446, 59, '2022-12-15 2:05:45', '2022-12-15 2:58:45', 847089),
(1447, 27, '2023-06-10 22:48:00', '2023-06-10 23:39:00', 455976),
(1448, 43, '2022-07-23 19:18:07', '2022-07-23 20:33:07', 724703),
(1449, 69, '2022-04-15 10:51:12', '2022-04-15 11:23:12', 463919),
(1450, 34, '2021-12-29 18:20:57', '2021-12-29 20:52:57', 11301.8),
(1451, 39, '2023-02-10 1:24:33', '2023-02-10 2:25:33', 615161),
(1452, 29, '2024-03-11 10:48:27', '2024-03-11 11:55:27', 2507573),
(1453, 58, '2024-02-23 6:02:56', '2024-02-23 7:58:56', 10522.3),
(1454, 11, '2023-05-03 0:49:00', '2023-05-03 1:49:00', 550573),
(1455, 66, '2020-08-07 9:48:28', '2020-08-07 9:51:28', 309178),
(1456, 42, '2021-12-09 5:25:44', '2021-12-09 6:28:44', 1129363),
(1457, 3, '2023-08-21 0:33:40', '2023-08-21 1:39:40', 363478),
(1458, 68, '2024-03-16 17:43:43', '2024-03-16 18:41:43', 551518),
(1459, 25, '2021-04-27 2:46:05', '2021-04-27 3:19:05', 1692),
(1460, 70, '2021-09-23 14:01:49', '2021-09-23 16:02:49', 1462829),
(1461, 4, '2022-10-28 11:47:31', '2022-10-28 12:25:31', 97035),
(1462, 21, '2020-12-27 19:43:46', '2020-12-27 20:09:46', 949.2),
(1463, 33, '2021-10-11 7:09:11', '2021-10-11 8:35:11', 1328844),
(1464, 34, '2021-08-01 4:41:29', '2021-08-01 5:09:29', 34366),
(1465, 50, '2023-04-14 20:32:49', '2023-04-14 21:00:49', -273414),
(1466, 74, '2020-11-09 13:44:50', '2020-11-09 15:22:50', 1213946),
(1467, 38, '2022-03-13 8:00:54', '2022-03-13 8:54:54', 381101),
(1468, 3, '2023-12-30 16:57:26', '2023-12-30 19:09:26', 966919),
(1469, 38, '2022-03-09 15:21:25', '2022-03-09 17:34:25', 8848),
(1470, 27, '2022-09-07 5:10:29', '2022-09-07 6:19:29', 1076219),
(1471, 66, '2021-05-06 20:24:56', '2021-05-06 20:53:56', -119008),
(1472, 29, '2020-07-17 21:21:59', '2020-07-17 21:32:59', 1600),
(1473, 61, '2023-07-08 9:43:35', '2023-07-08 10:05:35', -141866),
(1474, 47, '2020-06-03 18:12:32', '2020-06-03 18:58:32', 156750),
(1475, 57, '2022-11-28 12:11:23', '2022-11-28 12:39:23', -18109),
(1476, 23, '2023-06-23 2:46:41', '2023-06-23 3:40:41', 240179),
(1477, 53, '2021-04-28 2:09:25', '2021-04-28 3:50:25', 1463924),
(1478, 56, '2022-03-22 1:19:47', '2022-03-22 1:58:47', 3422),
(1479, 64, '2021-11-06 7:41:10', '2021-11-06 8:58:10', 1488424),
(1480, 40, '2020-11-24 21:18:29', '2020-11-24 21:33:29', -229584),
(1481, 23, '2022-07-12 15:49:33', '2022-07-12 18:08:33', 2711013),
(1482, 33, '2022-04-25 7:22:58', '2022-04-25 8:00:58', 133771),
(1483, 66, '2023-01-16 13:42:50', '2023-01-16 14:26:50', 422831),
(1484, 71, '2023-07-02 17:58:31', '2023-07-02 18:53:31', 534230),
(1485, 46, '2021-07-08 4:13:59', '2021-07-08 7:37:59', 16868.9),
(1486, 4, '2020-07-20 12:30:05', '2020-07-20 13:34:05', 604659),
(1487, 21, '2022-07-17 13:41:35', '2022-07-17 13:55:35', -56976),
(1488, 58, '2020-12-31 8:08:18', '2020-12-31 8:35:18', -225962),
(1489, 69, '2024-03-16 21:04:47', '2024-03-16 22:26:47', 953709),
(1490, 29, '2023-10-23 13:58:11', '2023-10-23 15:24:11', 972459),
(1491, 59, '2022-05-26 17:34:32', '2022-05-26 20:54:32', 12971.7),
(1492, 49, '2020-08-03 21:49:17', '2020-08-03 22:45:17', 607035),
(1493, 33, '2023-06-13 17:39:24', '2023-06-13 19:00:24', 3073),
(1494, 5, '2022-06-23 10:56:24', '2022-06-23 12:36:24', 1441035),
(1495, 3, '2024-02-17 17:57:52', '2024-02-17 18:42:52', 520685),
(1496, 37, '2023-10-07 5:52:59', '2023-10-07 7:02:59', 179579),
(1497, 56, '2021-01-29 13:05:56', '2021-01-29 14:13:56', 992244),
(1498, 46, '2021-08-05 22:52:20', '2021-08-05 23:14:20', -306558),
(1499, 42, '2021-11-20 7:58:08', '2021-11-20 9:13:08', 816562),
(1500, 62, '2022-11-03 5:29:07', '2022-11-03 6:07:07', -19631),
(1501, 58, '2021-09-16 0:44:09', '2021-09-16 2:12:09', 4860),
(1502, 8, '2022-03-09 4:57:08', '2022-03-09 6:11:08', 766159),
(1503, 57, '2022-06-16 5:58:51', '2022-06-16 6:28:51', 31168),
(1504, 31, '2022-04-12 0:06:12', '2022-04-12 0:52:12', 1034123),
(1505, 72, '2022-03-10 20:57:41', '2022-03-10 23:09:41', 2771859),
(1506, 44, '2021-03-13 7:29:39', '2021-03-13 8:34:39', 3943),
(1507, 27, '2020-12-18 5:25:08', '2020-12-18 6:38:08', 1025237),
(1508, 51, '2023-02-14 21:56:43', '2023-02-14 23:05:43', 2221650),
(1509, 48, '2022-05-30 14:22:45', '2022-05-30 15:53:45', 949723),
(1510, 63, '2020-11-29 1:27:55', '2020-11-29 2:04:55', 105283),
(1511, 56, '2023-10-21 3:18:33', '2023-10-21 3:33:33', -281388),
(1512, 40, '2021-02-24 4:47:42', '2021-02-24 6:19:42', 2187134),
(1513, 24, '2022-08-12 21:10:07', '2022-08-12 23:11:07', 2273668),
(1514, 55, '2020-07-28 7:30:57', '2020-07-28 8:24:57', 864197),
(1515, 34, '2021-04-01 19:39:52', '2021-04-01 22:02:52', 1945708),
(1516, 59, '2022-02-27 4:28:07', '2022-02-27 5:13:07', -55394),
(1517, 21, '2020-08-09 21:18:04', '2020-08-09 22:49:04', 1525133),
(1518, 17, '2021-03-25 2:13:55', '2021-03-25 3:37:55', 1422012),
(1519, 18, '2020-10-27 15:57:17', '2020-10-27 18:01:17', 928600),
(1520, 13, '2020-07-07 3:31:49', '2020-07-07 4:45:49', 1382505),
(1521, 10, '2021-03-09 16:19:25', '2021-03-09 16:28:25', 594),
(1522, 40, '2020-08-06 9:46:45', '2020-08-06 11:16:45', 11302.9),
(1523, 39, '2020-11-28 20:21:36', '2020-11-28 21:12:36', 884678),
(1524, 62, '2022-06-30 6:18:44', '2022-06-30 7:36:44', 937093),
(1525, 29, '2022-06-19 11:49:29', '2022-06-19 12:18:29', -123725),
(1526, 64, '2022-10-25 11:12:14', '2022-10-25 12:10:14', 561561),
(1527, 1, '2022-08-30 11:27:48', '2022-08-30 18:33:48', 35342.4),
(1528, 65, '2021-06-28 6:59:27', '2021-06-28 7:29:27', 73871),
(1529, 3, '2020-12-15 22:27:39', '2020-12-15 23:44:39', 1057104),
(1530, 26, '2020-08-15 8:33:55', '2020-08-15 10:56:55', 10888.6),
(1531, 69, '2020-06-12 8:49:45', '2020-06-12 9:49:45', 1081545),
(1532, 37, '2021-07-17 9:34:12', '2021-07-17 10:09:12', 337942),
(1533, 7, '2021-09-08 0:10:51', '2021-09-08 1:33:51', 769384),
(1534, 2, '2024-03-23 12:49:14', '2024-03-23 13:44:14', 204598),
(1535, 42, '2023-09-07 9:46:19', '2023-09-07 10:31:19', 345004),
(1536, 34, '2020-12-12 7:38:35', '2020-12-12 10:13:35', 2307329),
(1537, 42, '2022-04-23 18:53:13', '2022-04-23 19:34:13', 82302),
(1538, 20, '2023-07-09 10:31:15', '2023-07-09 11:59:15', 1952071),
(1539, 32, '2022-03-20 7:07:20', '2022-03-20 8:25:20', 2007100),
(1540, 21, '2021-06-03 21:42:06', '2021-06-03 23:33:06', 1656071),
(1541, 17, '2023-03-02 8:57:37', '2023-03-02 9:12:37', 828.1),
(1542, 12, '2024-03-13 18:42:19', '2024-03-13 20:26:19', 1667820),
(1543, 69, '2023-05-24 8:55:58', '2023-05-24 9:40:58', 179152),
(1544, 44, '2023-06-14 13:36:57', '2023-06-14 14:40:57', 1010718),
(1545, 52, '2020-08-03 16:29:03', '2020-08-03 18:58:03', 2529427),
(1546, 48, '2023-07-27 14:14:26', '2023-07-27 15:39:26', 1147319),
(1547, 42, '2021-08-12 1:41:39', '2021-08-12 2:42:39', 280752),
(1548, 66, '2023-10-09 18:14:38', '2023-10-09 18:36:38', -229554),
(1549, 52, '2022-05-21 8:54:31', '2022-05-21 10:06:31', 735235),
(1550, 14, '2023-01-25 19:32:11', '2023-01-25 20:07:11', 202163),
(1551, 34, '2020-07-23 23:28:47', '2020-07-23 23:49:47', 1039),
(1552, 60, '2022-07-06 12:43:39', '2022-07-06 14:05:39', 795652),
(1553, 62, '2022-05-20 17:42:25', '2022-05-20 18:38:25', 353223),
(1554, 41, '2024-04-26 22:09:40', '2024-04-26 23:35:40', 944275),
(1555, 10, '2023-10-08 3:19:17', '2023-10-08 5:03:17', 2007041),
(1556, 15, '2022-11-21 17:02:12', '2022-11-21 17:27:12', -279166),
(1557, 44, '2021-03-24 19:03:52', '2021-03-24 20:17:52', 718951),
(1558, 16, '2020-07-31 23:23:52', '2020-08-01 0:13:52', 2111),
(1559, 26, '2021-01-28 4:14:41', '2021-01-28 5:28:41', 534138),
(1560, 73, '2022-03-26 15:00:15', '2022-03-26 15:41:15', 325464),
(1561, 44, '2020-12-27 22:00:45', '2020-12-27 23:25:45', 2474336),
(1562, 53, '2022-07-19 16:29:52', '2022-07-19 17:35:52', 808769),
(1563, 65, '2022-12-21 7:57:31', '2022-12-21 9:10:31', 1019637),
(1564, 51, '2022-09-09 11:04:20', '2022-09-09 12:10:20', 1206763),
(1565, 68, '2020-09-05 21:24:52', '2020-09-05 22:54:52', 7354),
(1566, 20, '2023-10-28 7:42:02', '2023-10-28 9:02:02', 2403845),
(1567, 52, '2021-11-05 3:39:02', '2021-11-05 4:11:02', -18809),
(1568, 39, '2022-03-22 10:47:44', '2022-03-22 10:57:44', 738.4),
(1569, 55, '2023-12-10 9:19:50', '2023-12-10 10:22:50', 161955),
(1570, 5, '2024-03-20 17:56:38', '2024-03-20 18:57:38', 1006426),
(1571, 67, '2022-03-11 16:25:02', '2022-03-11 16:51:02', -248942),
(1572, 50, '2024-03-14 1:02:02', '2024-03-14 2:17:02', 1373314),
(1573, 45, '2023-06-25 4:30:45', '2023-06-25 5:29:45', 900050),
(1574, 9, '2021-08-07 10:09:49', '2021-08-07 11:37:49', 1185457),
(1575, 36, '2023-08-06 17:32:24', '2023-08-06 18:09:24', 129753),
(1576, 40, '2020-11-21 12:49:45', '2020-11-21 13:38:45', 531155),
(1577, 44, '2022-07-15 23:43:52', '2022-07-16 0:11:52', 903.7),
(1578, 72, '2022-04-30 15:16:17', '2022-04-30 16:20:17', 694448),
(1579, 67, '2021-06-03 21:07:09', '2021-06-03 21:21:09', -320987),
(1580, 10, '2022-02-23 22:15:05', '2022-02-23 22:45:05', 154254),
(1581, 72, '2023-12-05 22:41:04', '2023-12-05 23:38:04', 1028218),
(1582, 67, '2021-10-31 0:07:29', '2021-10-31 0:44:29', 106835),
(1583, 42, '2024-04-08 8:55:48', '2024-04-08 9:26:48', 462458),
(1584, 15, '2023-09-23 3:35:14', '2023-09-23 5:29:14', 1485168),
(1585, 35, '2021-09-07 16:11:36', '2021-09-07 17:10:36', 2429077),
(1586, 48, '2023-10-26 2:34:08', '2023-10-26 2:53:08', -293501),
(1587, 33, '2021-07-17 11:10:55', '2021-07-17 12:08:55', 673691),
(1588, 73, '2022-08-11 3:13:36', '2022-08-11 4:16:36', 620974),
(1589, 26, '2023-06-15 9:39:21', '2023-06-15 11:30:21', 989899),
(1590, 72, '2023-07-08 1:59:21', '2023-07-08 3:34:21', 1519289),
(1591, 53, '2022-06-07 3:12:15', '2022-06-07 4:30:15', 1860061),
(1592, 46, '2021-12-26 3:14:09', '2021-12-26 3:43:09', -213056),
(1593, 30, '2020-10-04 2:05:27', '2020-10-04 3:37:27', 746039),
(1594, 35, '2023-03-26 22:21:48', '2023-03-26 23:22:48', 3860),
(1595, 20, '2024-01-08 3:43:15', '2024-01-08 5:09:15', 903612),
(1596, 8, '2022-12-08 1:25:42', '2022-12-08 2:06:42', 446509),
(1597, 50, '2020-06-25 5:51:18', '2020-06-25 7:04:18', 965338),
(1598, 33, '2022-06-29 14:02:53', '2022-06-29 14:50:53', 696578),
(1599, 33, '2022-03-17 5:07:20', '2022-03-17 5:37:20', -22584),
(1600, 16, '2020-12-19 22:11:49', '2020-12-19 22:41:49', 2770),
(1601, 44, '2021-07-31 5:16:36', '2021-07-31 6:24:36', 1519655),
(1602, 11, '2023-01-11 14:14:44', '2023-01-11 14:30:44', -207000),
(1603, 74, '2020-06-09 10:37:29', '2020-06-09 12:10:29', 2058568),
(1604, 8, '2022-03-05 6:18:13', '2022-03-05 8:17:13', 10018.2),
(1605, 15, '2023-01-27 2:00:48', '2023-01-27 2:57:48', 1828649),
(1606, 29, '2023-02-16 1:58:07', '2023-02-16 3:32:07', 4849),
(1607, 63, '2020-05-25 10:38:05', '2020-05-25 12:23:05', 1700968),
(1608, 36, '2020-09-28 6:51:46', '2020-09-28 7:29:46', 119648),
(1609, 46, '2021-12-21 3:07:58', '2021-12-21 3:47:58', -40539),
(1610, 63, '2021-07-28 6:07:50', '2021-07-28 6:40:50', 200611),
(1611, 56, '2023-06-17 11:52:08', '2023-06-17 12:16:08', 138915),
(1612, 50, '2024-03-09 0:11:10', '2024-03-09 1:12:10', 237135),
(1613, 65, '2020-12-05 5:31:31', '2020-12-05 7:10:31', 1331127),
(1614, 1, '2023-01-13 13:15:11', '2023-01-13 14:00:11', 216408),
(1615, 23, '2022-03-15 2:41:20', '2022-03-15 3:39:20', 799335),
(1616, 16, '2021-06-22 15:57:56', '2021-06-22 16:24:56', 81206),
(1617, 46, '2020-09-04 14:16:00', '2020-09-04 16:08:00', 993127),
(1618, 34, '2022-10-31 3:18:04', '2022-10-31 5:08:04', 1133380),
(1619, 74, '2021-07-13 20:01:46', '2021-07-13 21:26:46', 1375871),
(1620, 59, '2023-08-11 0:12:09', '2023-08-11 0:38:09', 1194),
(1621, 13, '2022-07-04 21:03:10', '2022-07-04 21:42:10', 145247),
(1622, 60, '2023-10-17 19:58:59', '2023-10-17 20:18:59', -244620),
(1623, 34, '2023-12-07 2:08:37', '2023-12-07 3:42:37', 8430),
(1624, 63, '2021-07-27 16:27:44', '2021-07-27 17:30:44', 964394),
(1625, 27, '2022-05-21 16:23:35', '2022-05-21 17:11:35', 62459),
(1626, 74, '2022-06-27 16:57:57', '2022-06-27 17:59:57', 2750),
(1627, 9, '2021-04-01 13:32:49', '2021-04-01 15:01:49', 632023),
(1628, 64, '2021-06-08 13:33:56', '2021-06-08 14:49:56', 1162569),
(1629, 64, '2021-06-26 11:26:52', '2021-06-26 12:08:52', 314596),
(1630, 5, '2023-11-11 22:37:41', '2023-11-11 22:50:41', 791.1),
(1631, 21, '2024-03-12 6:41:07', '2024-03-12 7:15:07', 156416),
(1632, 37, '2021-12-23 4:14:41', '2021-12-23 4:34:41', -182588),
(1633, 55, '2020-11-10 11:44:45', '2020-11-10 13:01:45', 1209685),
(1634, 11, '2022-10-24 11:54:26', '2022-10-24 12:08:26', -147921),
(1635, 2, '2023-03-11 5:24:08', '2023-03-11 5:42:08', 789.4),
(1636, 20, '2022-10-12 9:45:40', '2022-10-12 11:06:40', 785364),
(1637, 1, '2020-11-05 17:19:30', '2020-11-05 18:53:30', 973586),
(1638, 26, '2022-11-18 17:57:17', '2022-11-18 19:01:17', 496579),
(1639, 66, '2022-08-30 19:37:32', '2022-08-30 20:14:32', 108935),
(1640, 54, '2022-06-12 3:10:52', '2022-06-12 4:05:52', 669977),
(1641, 46, '2022-02-10 9:31:27', '2022-02-10 9:44:27', 964.7),
(1642, 3, '2021-08-22 21:29:26', '2021-08-22 22:20:26', 299347),
(1643, 58, '2021-01-22 18:44:07', '2021-01-22 18:58:07', 710.8),
(1644, 30, '2022-01-26 12:06:04', '2022-01-26 13:07:04', 603017),
(1645, 32, '2023-05-22 0:32:54', '2023-05-22 1:04:54', 302147),
(1646, 56, '2022-03-02 3:15:06', '2022-03-02 4:14:06', 697005),
(1647, 74, '2023-03-22 19:01:06', '2023-03-22 19:13:06', 706.5),
(1648, 65, '2021-04-02 21:39:46', '2021-04-02 22:59:46', 1724312),
(1649, 1, '2021-05-10 4:23:15', '2021-05-10 5:49:15', 931461),
(1650, 61, '2021-03-20 18:45:26', '2021-03-20 19:53:26', 76216),
(1651, 9, '2023-11-15 6:19:09', '2023-11-15 7:06:09', 181009),
(1652, 42, '2022-05-14 9:02:28', '2022-05-14 10:54:28', 1792794),
(1653, 61, '2020-12-30 8:29:00', '2020-12-30 10:20:00', 1374104),
(1654, 24, '2020-12-06 11:20:55', '2020-12-06 11:37:55', 947.9),
(1655, 31, '2022-08-25 14:40:38', '2022-08-25 15:54:38', 1531585),
(1656, 68, '2020-08-02 21:13:22', '2020-08-02 21:31:22', -217105);

INSERT INTO vehicle (id, registration_number, year_of_production, price, mileage, date_of_sale, brand_id, enterprise_id) VALUES
(1, 'К831СУ02', 1976, 631963, 3799, '2005-02-20 17:08:00', 3, 1),
(2, 'К320ВО23', 2010, 730117, 203751, '2014-07-24 23:37:00', 1, 1),
(3, 'К877АВ62', 1993, 374891, 305380, '2017-05-18 14:10:00', 1, 1),
(4, 'Х383МВ78', 1984, 780950, 305602, '2013-05-15 09:06:00', 1, 1),
(5, 'О918ОЕ96', 1950, 618780, 85252, '2016-08-10 15:51:00', 3, 1),
(6, 'Н89ЕЕ08', 2013, 377474, 291147, '2011-03-13 14:43:00', 2, 1),
(7, 'О570ТО117', 1954, 391100, 357880, '2021-01-29 03:28:00', 2, 1),
(8, 'Н621ОА55', 1995, 777531, 252967, '2023-01-14 01:26:00', 2, 1),
(9, 'Е771МУ112', 2019, 218512, 380602, '2014-03-16 02:20:00', 2, 1),
(10, 'Е886СК111', 1998, 167308, 245074, '2008-04-01 12:46:00', 1, 1),
(11, 'В939УЕ22', 1969, 264464, 372529, '2023-01-13 09:38:00', 1, 1),
(12, 'Р256ТС88', 1982, 782752, 226755, '2012-06-20 02:10:00', 3, 1),
(13, 'А729ЕР172', 1951, 161601, 365927, '2016-07-21 21:01:00', 1, 1),
(14, 'К598УА112', 2010, 712523, 276807, '2019-03-02 09:45:00', 1, 1),
(15, 'Т394НС160', 1992, 241154, 136359, '2016-04-15 10:24:00', 3, 1),
(16, 'У650ТЕ48', 1968, 355258, 278118, '2014-11-07 23:18:00', 3, 1),
(17, 'Т593АК93', 2000, 288877, 89797, '2018-08-30 22:53:00', 2, 1),
(18, 'Х177СЕ160', 1996, 843145, 133630, '2016-05-15 07:21:00', 1, 1),
(19, 'Х264ЕС128', 1991, 941622, 12725, '2022-04-24 20:44:00', 2, 1),
(20, 'К219ВА26', 1974, 428199, 366763, '2004-06-22 06:56:00', 3, 1),
(21, 'К390МО157', 1996, 354089, 377710, '2020-03-07 14:31:00', 2, 1),
(22, 'К281ВН163', 1982, 367281, 223618, '2007-02-18 23:43:00', 1, 1),
(23, 'С650УС101', 1969, 879114, 26204, '2017-12-15 03:18:00', 2, 1),
(24, 'Х310НВ147', 1998, 259082, 45962, '2007-05-31 07:35:00', 3, 1),
(25, 'К15СР107', 1970, 367809, 215785, '2013-11-22 04:30:00', 3, 1),
(26, 'У263ХХ107', 2001, 407685, 157135, '2011-09-05 19:47:00', 1, 2),
(27, 'В864НО12', 1970, 555256, 220609, '2005-04-15 7:24:00', 1, 2),
(28, 'Х415РН65', 1952, 699010, 168718, '2010-11-10 16:18:00', 1, 2),
(29, 'Х427РА99', 1959, 720860, 17338, '2021-12-27 19:09:00', 3, 2),
(30, 'В531АУ168', 1977, 833738, 13234, '2024-04-20 15:53:00', 1, 2),
(31, 'Е808УУ137', 1975, 124482, 125699, '2014-07-22 13:12:00', 2, 2),
(32, 'С340ОХ122', 1960, 842826, 391518, '2015-11-05 6:58:00', 1, 2),
(33, 'М287ВВ180', 1979, 450667, 356718, '2023-03-08 13:37:00', 1, 2),
(34, 'У553МТ78', 1986, 853986, 61409, '2005-11-26 5:56:00', 1, 2),
(35, 'А974АР48', 1965, 153897, 390524, '2013-12-11 20:25:00', 2, 2),
(36, 'Н311ТМ117', 1988, 595604, 384325, '2011-12-28 3:51:00', 3, 2),
(37, 'О454ОМ70', 1966, 739736, 117241, '2020-05-30 3:06:00', 3, 2),
(38, 'О413ЕТ136', 1988, 205714, 196116, '2010-08-22 18:05:00', 3, 2),
(39, 'Е362ВМ47', 1984, 600370, 53458, '2005-03-17 12:28:00', 3, 2),
(40, 'А607УК143', 2021, 864957, 80161, '2023-02-08 3:12:00', 1, 2),
(41, 'Н166КУ33', 2014, 681399, 73651, '2018-04-16 23:16:00', 1, 2),
(42, 'А370АЕ172', 1989, 518472, 351486, '2011-03-10 14:08:00', 2, 2),
(43, 'О640ВТ36', 1997, 626847, 182384, '2011-12-22 21:17:00', 1, 2),
(44, 'Х932АУ48', 1974, 179223, 360602, '2019-11-10 6:44:00', 1, 2),
(45, 'В587МХ16', 2023, 218081, 163901, '2010-01-04 21:51:00', 3, 2),
(46, 'В25СУ174', 2001, 588969, 395636, '2014-06-22 23:57:00', 2, 2),
(47, 'М474ТВ50', 1974, 680120, 355254, '2016-08-20 11:51:00', 3, 2),
(48, 'Р860МО123', 1989, 240366, 274317, '2019-07-19 2:13:00', 2, 2),
(49, 'М552КК108', 1974, 588290, 355160, '2016-02-21 21:35:00', 2, 2),
(50, 'У806ОР149', 2019, 839766, 146972, '2015-08-16 4:43:00', 1, 2),
(51, 'Е807КМ01', 1971, 720971, 337339, '2012-09-25 19:44:00', 3, 3),
(52, 'Н792ВВ129', 1987, 665214, 330286, '2014-06-14 16:33:00', 1, 3),
(53, 'Е798СВ104', 1976, 109988, 64163, '2012-07-25 13:13:00', 3, 3),
(54, 'К151СО35', 1957, 349486, 362534, '2019-03-23 20:56:00', 1, 3),
(55, 'У269ТА160', 1955, 131600, 210609, '2013-01-25 6:45:00', 3, 3),
(56, 'Н862АК153', 2020, 149658, 55851, '2007-09-18 16:15:00', 1, 3),
(57, 'В25АН154', 2016, 950305, 29329, '2010-11-29 13:14:00', 2, 3),
(58, 'С603НТ138', 1957, 586806, 294582, '2006-03-05 2:26:00', 3, 3),
(59, 'Р79ТК98', 1988, 631735, 179988, '2008-06-27 14:06:00', 3, 3),
(60, 'Р748ВК103', 2022, 603365, 26838, '2010-08-22 4:14:00', 3, 3),
(61, 'В895АР160', 1987, 387452, 236084, '2013-07-28 8:51:00', 2, 3),
(62, 'О603ТЕ160', 1959, 331924, 100094, '2019-09-23 14:05:00', 2, 3),
(63, 'А863КТ112', 1975, 458609, 84343, '2009-02-07 2:05:00', 1, 3),
(64, 'О713МА87', 2024, 485527, 144713, '2006-12-16 11:09:00', 3, 3),
(65, 'Р847АО114', 1973, 876038, 158855, '2015-04-17 23:51:00', 3, 3),
(66, 'Х847ХВ98', 2010, 924888, 157249, '2007-06-03 20:46:00', 3, 3),
(67, 'О382УН175', 1955, 937787, 22745, '2018-05-16 19:53:00', 1, 3),
(68, 'К689ОХ140', 1995, 212344, 6802, '2017-11-17 9:12:00', 2, 3),
(69, 'Т991РХ03', 1987, 921111, 13830, '2005-07-31 14:19:00', 2, 3),
(70, 'У550ОЕ34', 1951, 669709, 219072, '2024-03-20 9:58:00', 1, 3),
(71, 'В979РХ158', 1983, 511594, 232619, '2011-01-09 7:36:00', 1, 3),
(72, 'Е177УС15', 2018, 837079, 45412, '2007-06-26 1:50:00', 3, 3),
(73, 'У936ВУ61', 1988, 643550, 367294, '2020-01-18 21:26:00', 1, 3),
(74, 'С494ЕВ129', 1990, 564339, 361859, '2019-07-09 8:19:00', 1, 3),
(75, 'М205КТ71', 1992, 660234, 137658, '2008-01-20 23:08:00', 2, 3);
